-- phpMyAdmin SQL Dump
-- version 5.0.2
-- https://www.phpmyadmin.net/
--
-- Hôte : 127.0.0.1:3306
-- Généré le : mer. 22 sep. 2021 à 12:45
-- Version du serveur :  5.7.31
-- Version de PHP : 7.3.21

SET SQL_MODE = "NO_AUTO_VALUE_ON_ZERO";
START TRANSACTION;
SET time_zone = "+00:00";


/*!40101 SET @OLD_CHARACTER_SET_CLIENT=@@CHARACTER_SET_CLIENT */;
/*!40101 SET @OLD_CHARACTER_SET_RESULTS=@@CHARACTER_SET_RESULTS */;
/*!40101 SET @OLD_COLLATION_CONNECTION=@@COLLATION_CONNECTION */;
/*!40101 SET NAMES utf8mb4 */;

--
-- Base de données : `esport`
--

-- --------------------------------------------------------

--
-- Structure de la table `article`
--

DROP TABLE IF EXISTS `article`;
CREATE TABLE IF NOT EXISTS `article` (
  `ARTICLE_ID` bigint(20) NOT NULL AUTO_INCREMENT,
  `ARTICLE_TITLE` char(100) DEFAULT NULL,
  `ARTICLE_TYPE` char(50) DEFAULT NULL,
  `ARTICLE_LINK` char(200) DEFAULT NULL,
  `ARTICLE_IMAGE` char(200) DEFAULT NULL,
  `ARTICLE_SUBTITLE` char(200) DEFAULT NULL,
  `USER_ID` bigint(20) DEFAULT NULL,
  PRIMARY KEY (`ARTICLE_ID`),
  KEY `FK_article_USER_ID` (`USER_ID`)
) ENGINE=InnoDB AUTO_INCREMENT=9 DEFAULT CHARSET=utf8mb4;

--
-- Déchargement des données de la table `article`
--

INSERT INTO `article` (`ARTICLE_ID`, `ARTICLE_TITLE`, `ARTICLE_TYPE`, `ARTICLE_LINK`, `ARTICLE_IMAGE`, `ARTICLE_SUBTITLE`, `USER_ID`) VALUES
(8, 'Nouvelle mise à jour 4.2', 'Actu', 'http://php.net/upload-max-filesize', 'Hohnn6148818a71b7d.jpg', 'Une nouvelle maj arrive bientôt avec plein de contenu', 1);

-- --------------------------------------------------------

--
-- Structure de la table `defaultlogo`
--

DROP TABLE IF EXISTS `defaultlogo`;
CREATE TABLE IF NOT EXISTS `defaultlogo` (
  `DEFAULTLOGO_ID` bigint(20) NOT NULL AUTO_INCREMENT,
  `DEFAULTLOGO_NAME` longtext,
  PRIMARY KEY (`DEFAULTLOGO_ID`)
) ENGINE=InnoDB AUTO_INCREMENT=6 DEFAULT CHARSET=utf8mb4;

--
-- Déchargement des données de la table `defaultlogo`
--

INSERT INTO `defaultlogo` (`DEFAULTLOGO_ID`, `DEFAULTLOGO_NAME`) VALUES
(1, 'default_1.png'),
(2, '2'),
(3, '3'),
(4, '4'),
(5, '5');

-- --------------------------------------------------------

--
-- Structure de la table `maps`
--

DROP TABLE IF EXISTS `maps`;
CREATE TABLE IF NOT EXISTS `maps` (
  `MAPS_ID` bigint(20) NOT NULL AUTO_INCREMENT,
  `MAPS_NAME` char(50) DEFAULT NULL,
  `MAPS_IMAGE` char(200) NOT NULL,
  PRIMARY KEY (`MAPS_ID`)
) ENGINE=InnoDB AUTO_INCREMENT=7 DEFAULT CHARSET=utf8mb4;

--
-- Déchargement des données de la table `maps`
--

INSERT INTO `maps` (`MAPS_ID`, `MAPS_NAME`, `MAPS_IMAGE`) VALUES
(1, 'Al Marj', '1.jpg'),
(2, 'Provence', '2.jpg'),
(3, 'Lofoten', '3.jpg'),
(4, 'Underground', ''),
(5, 'Devastation', ''),
(6, 'Rotterdam', '');

-- --------------------------------------------------------

--
-- Structure de la table `matches`
--

DROP TABLE IF EXISTS `matches`;
CREATE TABLE IF NOT EXISTS `matches` (
  `MATCH_ID` bigint(20) NOT NULL AUTO_INCREMENT,
  `MATCH_DATE` date DEFAULT NULL,
  `MATCH_LINK_VOD` char(200) DEFAULT NULL,
  `TOURNAMENT_ID` bigint(20) DEFAULT NULL,
  `USER_ID` bigint(20) DEFAULT NULL,
  `TEAM1_ID` bigint(11) DEFAULT NULL,
  `TEAM2_ID` bigint(11) DEFAULT NULL,
  PRIMARY KEY (`MATCH_ID`),
  KEY `FK_matches_USER_ID` (`USER_ID`),
  KEY `FK_matches_tournament_tournament_id` (`TOURNAMENT_ID`),
  KEY `FK_matches_TEAM2_ID` (`TEAM2_ID`),
  KEY `FK_matches_TEAM_ID` (`TEAM1_ID`)
) ENGINE=InnoDB AUTO_INCREMENT=30 DEFAULT CHARSET=utf8mb4;

--
-- Déchargement des données de la table `matches`
--

INSERT INTO `matches` (`MATCH_ID`, `MATCH_DATE`, `MATCH_LINK_VOD`, `TOURNAMENT_ID`, `USER_ID`, `TEAM1_ID`, `TEAM2_ID`) VALUES
(28, '2021-09-15', 'https://www.youtube.com/watch?v=AAmEjpI4E8I', 10, 1, 10, 11),
(29, '2021-09-16', 'https://www.twitch.tv/ofcunderground', 10, 4, 10, 11);

-- --------------------------------------------------------

--
-- Structure de la table `matches_score`
--

DROP TABLE IF EXISTS `matches_score`;
CREATE TABLE IF NOT EXISTS `matches_score` (
  `SCORE_ID` bigint(20) NOT NULL AUTO_INCREMENT,
  `SCORE_TEAM1` char(50) DEFAULT NULL,
  `SCORE_TEAM2` char(50) DEFAULT NULL,
  `MAPS_ID` bigint(20) DEFAULT NULL,
  `MATCH_ID` bigint(20) DEFAULT NULL,
  PRIMARY KEY (`SCORE_ID`),
  KEY `FK_matches_score_MAPS_ID` (`MAPS_ID`),
  KEY `FK_matches_score_matches_matches_id` (`MATCH_ID`)
) ENGINE=InnoDB AUTO_INCREMENT=49 DEFAULT CHARSET=utf8mb4;

--
-- Déchargement des données de la table `matches_score`
--

INSERT INTO `matches_score` (`SCORE_ID`, `SCORE_TEAM1`, `SCORE_TEAM2`, `MAPS_ID`, `MATCH_ID`) VALUES
(44, '55', '0', 1, 28),
(45, '56', '0', 2, 28),
(46, '4', '0', 1, 29),
(47, '60', '0', 2, 29),
(48, '57', '0', 1, 29);

-- --------------------------------------------------------

--
-- Structure de la table `player`
--

DROP TABLE IF EXISTS `player`;
CREATE TABLE IF NOT EXISTS `player` (
  `PLAYER_ID` bigint(20) NOT NULL AUTO_INCREMENT,
  `PLAYER_NAME` char(50) DEFAULT NULL,
  `TEAM_ID` bigint(20) DEFAULT NULL,
  `USER_ID` bigint(11) DEFAULT NULL,
  PRIMARY KEY (`PLAYER_ID`),
  KEY `TEAM_ID` (`TEAM_ID`),
  KEY `player_user` (`USER_ID`)
) ENGINE=InnoDB AUTO_INCREMENT=171 DEFAULT CHARSET=utf8mb4;

--
-- Déchargement des données de la table `player`
--

INSERT INTO `player` (`PLAYER_ID`, `PLAYER_NAME`, `TEAM_ID`, `USER_ID`) VALUES
(158, 'Chiv3rs', 12, 0),
(159, 'Hohnn88', 12, 1),
(160, 'Arizo', 12, 0),
(161, 'Fourmise', 12, 0),
(162, 'Foufou', 12, 0),
(163, 'Xam', 12, 0),
(165, 'Hohnn', 10, 0),
(166, 'demo', 10, 4),
(167, NULL, 10, 0),
(168, NULL, 10, 0),
(169, NULL, 10, 0),
(170, NULL, 10, 0);

-- --------------------------------------------------------

--
-- Structure de la table `profil`
--

DROP TABLE IF EXISTS `profil`;
CREATE TABLE IF NOT EXISTS `profil` (
  `PROFIL_ID` bigint(20) NOT NULL AUTO_INCREMENT,
  `PROFIL_LOGO` char(200) DEFAULT NULL,
  `PROFIL_HEADER` char(200) DEFAULT NULL,
  `PROFIL_ORIGIN_ID` char(100) DEFAULT NULL,
  `PROFIL_TWITTER` char(200) DEFAULT NULL,
  `PROFIL_YOUTUBE` char(200) DEFAULT NULL,
  `PROFIL_TWITCH` char(200) DEFAULT NULL,
  `user_user_id` bigint(20) DEFAULT NULL,
  PRIMARY KEY (`PROFIL_ID`),
  KEY `FK_profil_user_user_id` (`user_user_id`)
) ENGINE=InnoDB DEFAULT CHARSET=utf8mb4;

-- --------------------------------------------------------

--
-- Structure de la table `proposal`
--

DROP TABLE IF EXISTS `proposal`;
CREATE TABLE IF NOT EXISTS `proposal` (
  `PROPOSAL_ID` bigint(20) NOT NULL AUTO_INCREMENT,
  `PROPOSAL_TITLE` char(200) DEFAULT NULL,
  `PROPOSAL_DESC` char(1) DEFAULT NULL,
  `PROPOSAL_LINK` char(1) DEFAULT NULL,
  `USER_ID` bigint(20) DEFAULT NULL,
  PRIMARY KEY (`PROPOSAL_ID`),
  KEY `FK_proposal_USER_ID` (`USER_ID`)
) ENGINE=InnoDB DEFAULT CHARSET=utf8mb4;

-- --------------------------------------------------------

--
-- Structure de la table `status`
--

DROP TABLE IF EXISTS `status`;
CREATE TABLE IF NOT EXISTS `status` (
  `STATUS_ID` bigint(20) NOT NULL AUTO_INCREMENT,
  `STATUS_ROLE` char(50) DEFAULT NULL,
  PRIMARY KEY (`STATUS_ID`)
) ENGINE=InnoDB AUTO_INCREMENT=5 DEFAULT CHARSET=utf8mb4;

--
-- Déchargement des données de la table `status`
--

INSERT INTO `status` (`STATUS_ID`, `STATUS_ROLE`) VALUES
(1, 'visiteur'),
(2, 'joueur'),
(3, 'modérateur'),
(4, 'administrateur');

-- --------------------------------------------------------

--
-- Structure de la table `teams`
--

DROP TABLE IF EXISTS `teams`;
CREATE TABLE IF NOT EXISTS `teams` (
  `TEAM_ID` bigint(20) NOT NULL AUTO_INCREMENT,
  `TEAM_NAME` char(50) DEFAULT NULL,
  `TEAM_LOGO` longtext,
  `TEAM_COUNTRY` char(50) DEFAULT NULL,
  `USER_ID` bigint(20) DEFAULT NULL,
  `TEAM_SHORTNAME` varchar(10) DEFAULT NULL,
  PRIMARY KEY (`TEAM_ID`),
  KEY `FK_teams_USER_ID` (`USER_ID`)
) ENGINE=InnoDB AUTO_INCREMENT=13 DEFAULT CHARSET=utf8mb4;

--
-- Déchargement des données de la table `teams`
--

INSERT INTO `teams` (`TEAM_ID`, `TEAM_NAME`, `TEAM_LOGO`, `TEAM_COUNTRY`, `USER_ID`, `TEAM_SHORTNAME`) VALUES
(10, 'TWP', 'iVBORw0KGgoAAAANSUhEUgAAAIAAAACACAYAAADDPmHLAAAAIGNIUk0AAHomAACAhAAA+gAAAIDoAAB1MAAA6mAAADqYAAAXcJy6UTwAAAAGYktHRAD/AP8A/6C9p5MAAAAJcEhZcwAADsQAAA7EAZUrDhsAAAAHdElNRQflAw8LNRVWJ4OrAABf60lEQVR42t39aZRd2XXnB/7OucObh3jxYg5EYEZiSCCRcybJJJkkRZGiRFapJLlUg63WapfXsrV6rba9uv3J6l7t1e1292qrXLJUUrlkl6pkUlKJEkeRTA6ZzHlGJhJAYA5EIBDz9OZ37z2nP5x77nsBBDKTZEqk6uYiEQi88e599vDf/7230Fpr/gO6tNZopel0OzQaDVqtFp12h06nTbfbBaDd7tDpdPA8j3Q6jRACKSW+75POpMlms2SzWTLZLI6USCl/2l/rb+xyf9of4Ce5tNZ0Oh1arRbNZpP19XU21jeobW8TBAGtVotuEKCVIgxDoihCCIFSCq01Qojk70IIfN/H9Vxcx8VxHXzfJ5vNMThYYaBSoVgokMlkjGI4zk/7638gl/g7ZQE0BGFAu9VmdXWVtbU1tre32NraptvtEEURKlJGwGhUpIiUQscCT15G6zuUQEoJArTSuK6LEAIA6UikdGIL4VEoFCkVixTLJYaGhiiVSvi+/3fWSvydUIAoitja2mJ9bZ2l5SW2t7bpdrsEQRetQakIrTVRpOh0OnS7XbTWSCEIwoBuNwABUshY8Eb4Uhrhaq0TBdFa4bounucjhMDzPHzfQzoOjpA4joOQ5k/Pc8nmclQHqwxWBxkcHExcyt+V62dWAZRSNJtN1lbXWFxapF6r0e50UFGE0powCOh0OrTbHdrtNqDRGsIwJAxDhDAn3XVdpJSJ/xdCIgRIKYkiRRSFOI458Vpr0BrpmBOvtQYBjnQSBfJ9EzekUilc18N1jStwXaMMg4ODjI6OUiwW8X3/p30b3/P6mVOAMAzZ3NxkaXGRjY0NWq0WKjbZYRDSajXpdLp0u52+ky1QShOEASqK0IAQAic+qZ1ul6Ab4PseQgiCIERIgUAAGoRIrIM5vcYiSMdBCkkYhQgEqXQK4rtlrIRLKp02CuGncD0TUkkpKZfLDA8PMzw8/DNtFX5mFCAMQ9bW1lhaXGR9YwOlIkAQhhHNZoN6vU632zX+Wkg63Q5hEBKpCLTGdb3Yt0copdFo7C1XysQCKoow39Z8ZScWsI71QGuN40ik44DWOI6LRhuLgo0VBK7rIaVMYgcpJdKRZDIZstksqVQq+bdsJsPwyAgjIyNks9mfOUX4qStAGIasb6xza+EWtVoNHQuv3W6xtblNq90iDEPACNIEaNDtdAnCMEn7lFKARgiJ0oooDI2/FgIpHaIoShRIa2W+fBwAep5HGIYEgXmOdGTymtb/i/j9pZQ4rosU0pj/WCGFgCAMcV2XXDZLvlDA9308z1idVCpFtVpldHSUXC7305Z7cv3UFEApxcbGBgsLC2xtbSU+uNVs0Ww1aTQaBEEAmJNpfbuUEikEUWzqndhXB2GYZAAAURSilTHvjuMgZfwcbSJ7AYRx1uC5vZMOJCmh/Uw2brAKo7Ux837KA7R5PSFAC8zbmwAznU6Tz+fJ5/O4rnEPvu8zOjrK6Ojoz0SM8FNRgEajwc2bN1lbW0v8brvdZnNzk0ajYU6aueMIIeLT2VMGY64VjuOgMcoUhqEJEOM0zipN/6WUit+POP/XBuhxjP+PIhULry8INO+KdAWZbIpMJks2kyWVTkM7S9DwUF2BdARuPkDmmrRaDVrNDhLjTlzHJZPNUCwWk4Ayl8sxNjZGtVr9qWIKf6sKEIYhi4uLLCwsJOa43W6ztbVFt9tNcvMoimx4Fp9wCIKASEVGgIjkpNv8XUWKKIoAkw7a1M66BqsA9usKIZFSJL4fQGmNlAIhjcnO5FKkMh6+KEA9T9TIUbuRZWsmzdZNl05dEDZBBQokuDnIVRXTH+sw+uga9e4KQSdCowjDiFQqRaVSIZfLJbHAwMAAe/bsIZ/P/4erAFprarUaN27cYGNjI/nytVqNer0em2YjePs/13XNSVYKpXTs1yNUnMPbwMwIPIrBH6MwQRBi44EwCBDSmmiNSnL+3tcWwoA4ricoV4pk/TKuLtCaK7F+Ls/WDZ+tyw61WwIVmlTRPL/3OiZyMT8pAVNPRjz0X6yx2Zyj0w7wPBcntkyZTIaBgQE8zyOKItLpNJOTk4yOjv6tA0p/4wqglGJpaYnr16/H+bmg1WqxtbWVCNoK1J7YIAxxY7OYWAZlfG3/6yp70omRvdjEK6VjHACEFCaw1BqtrQuQcTrYxfMlxVKRXK6IXhuiOVth9e0sq2/5tDYFYcsIXPRlFfaGKTSIOOPQ5jfEihACp/7TJvt+YZ7adsMEj46TAFC+75NKpRJroLVmeHiY6elpMpnM35oC/I3WAtrtNtevXWd5ZdncOK3Z3t6m2WwCJJbAWgArVN+z+XqQmHzPNwGXkBIVRYnCCGEELIBIx0GfK+N4QCER8WubFFFKiXAgl/cp5scR21U23ioz83KBrWsurRXzetJEF+b5YNxMqoPOdFDZOs5gDW+wiVeMkNKjM5+je3YM3XLj58GNH8DYx0McR5oXoBdI2qA2DENyuRye57G4uEitVuPgwYMMDAz83VaAWq3GxYsXqW1vIx2HIAio1+sEQZDkyPZGWJ/vSBmbV3NJKfFc1wBBWoEGFQaENsIH47OFQxSB1iFocwKV1riug1aaIAjQQK6QZmCgghcOsPlOlSsvF81JXxOxmI2yCQRaKpQXEGW2YXgdt7pNarhFZrRJbjAik5Nk8h7ptIfjOjhOxFu/U2T99QIChQJa2xHtRkQ6bxTAcZw+a2QsQRiGbG9vk8lkSadTNBoNzp49y/59+xkbH/sbdwl/IwqwsrLCxZkZ2u02ruvSbDZpt9vJl7an3fp5IIkBrCm3SuK4LtoCPhBbBCCO5I37iMxzELGPt3m+RHpQzOcol6qwOsbStwaY+0GGxi1J1DWmXVrvLSDM1FGD67gjW2T3bpAdbZIdUOTK4Kcdk324kmw2QyqVJpPJ4qoSi68UqM+7aELjkgDKTYKuIuu4aG0snZQyjl3owykk3W4HrSJS6TRBEDBzcYZ6o86BAweSe/QzrwBaa+bn57ly+QpRZHL2VqtFu9NJHKeN3sH4d6sQ1iIEWifVu263a0qzjpNkAKCTYEoplVgMISWulIRhAJj4IZX2qRRGac0OcflLZZbe9GmvgUQjiIx5F5ogs01YXkFO3yK3p8bgPsgPgusqhFSkMyky2Qx+2sfXJXQjR7iVZmvO58o7kuUZ2Lqh0d1exqH9kNLJLbJFgYqMqwqjEKnkjrjHKgEYIImYpwAwOztLt9vlnnvuSX73QV8fWBColOLG7CyXr1xBKZOjt9sdU6lTmigKIf6i1gTaAK8HsJiPEgRBcnN0HN17noeKFJ1uGxAJTmBqBAFRpHYUeRCalBhg4csnWfphHhVohDmX5oR6XaLKKnL6FvmDm+QmaniZgFzeJ5NN4/kO2WyerFtGtfJsXMiwfiXF9rxk6xrUVzUqMlmAQCHi4E8LEMUuAw+vcc/n6uTKEVI6CSLouA7EQJK9FztK0vF3dRwHgQGvRkZHOHbsGKlU6gNXgA/EAmituXbtGlcuX0mSoU6nE+PyvXxdxF/QBnD92t8LCFWC+CWBndaEcQFHCgPrRqLnS+NPgeNJolDFxA/NRn2dhbllZJBDEMWfTSCmlnBOnaE4Uac66ZLJeWhc/FSGgfIAblSmOVtm+VKKpTc9NmYFYUMRBsZyxGEhMk7+NBolFbLcxp/cZuTBJvse1OTL0jwqqTM4SVBrrZ5VDINh9O5nFEVIYTCJhZs3CYOQe0/eSzqd/tlSAKUUV69c5dLlS8a3CRJf3v8/tE4UIHnz2LeFYRgjcVFiPUAgHYkvHWNF4sdFKhakJsEFsjmfUn6MaGkEZ2iF1c1bdDtd/FxE/vQstRujiI4LaBSCgWqKo79UpNGKSKV88qU8bnuQxkKB63+dZemcS31B021qZHK6NRJj4JWMIN1Fp7vIbJf0aIvcZJvSnoDqPkWx4uA4kigSic+3aKWU0rCOXDf5nbUAYErOhq8g0MJGC4JbtxZQKuLUffd9oErwEymAUoqrV68yc3EGKQQ6ZtTYqpkQDo50TASPJop6qZgVvBW6jQE818N13cRK2JNCnDGAUTC0JpNNM1AZIFoeZeZflZl/zuP+/5Mge3yDZqOFkFA+tEVtah59aS/ELmDzfBbWxpk4WKQ5V2buuwUW33TZuKpRoUZg3ic20kRuiPYDZKmOM1wjPRSQH47IjnRJlQJyBYdcwcVLOWgtUFFkzHxcc0hgTXqBX78VtN89piQRKY2MwSliK+AIl8XFRXjzTU6fPo3/AbmDn0gB5ubmuHD+gjmRQhKp0ECr6Nh8yeRnU5fRPQHaDxDTr6I4t1eoRCGskiilUAmEG/tKrfBkjhtfOcClr2TorJk07uJf5jl9uIh0NolCRb4ChfsW2Loxguh4aBRRCy7+RQUpB1k6KwgaGnSIzdY1CuWGiIE6zmCd3ESd0r426XKXTFlRKHv4KRcpBFKmMCleHOmHgbFgMWrkeZ6RfYxCWiXujwGsm3QdF+E4xtJY5Rc9qprjuNy6tYjjvM2p+059IIHhj60Ai4uLnHvnHaIoMuZOGcKldKTJ13XP/Os+AfbHBPY0WOGb35uKWn+6aJ8j4hvpOi7SFazeanDuqTqspeMAT7M+47D88ghDH66ztrKJEFA93mD7zSXUpQnA1AtuvWwdgk4OaOR3oNTAm9gkM71FcaJDttrB9SOy+VQM6IDjxJbOkQjhxIBOB0f2n2biyD8iCiNcz00IqNbN2ZjAWjmlFVJJQ1YRMR4RuzvzIY11vXHjBq7rcuLeEz9xivhjPXtzc5O3zpyh3engSEnUF8knX74v0NFCoOPyrcW/7cm2grYVMfMaKqn+uY5DFNfwo8gGfQqUQ6oUkn/4KrWVHLQ9c7MUXPlanuHTg/ipBp12QLYckTs5z+ZsBdF14izdRPDK0ehcA2dqjfx0jcqhNoWhiHQOHFeASpmgTBm/bMAqkhMt4s9uDoKDkL1ClYhL0SrmFljrpZSi2+0mJ9geBCtwc9rN/UgAMG0JLUYJrl69Qiab4ciRI3+7CtBqtXjzjTeo1Wq4rmdFnQjcMnn6K2/Jqe9TEntS7ON0zNrpx8vRmjD+0lI6CGGUxbJzXFcwdv82jctzRGf2YdB5zfac5vp3Bpj+wgad9hpoqBzZZuv1JdS1UXRsBXAVuQ9fI7t/lYEJRb4scVyZ0MNUZCyS4zg4sWuzEb0tQ2utcR0HzzVQdRQpUmkPKR3CIEq4iFHUU3arGFZJ7O8SXgE9BZPCWAQiILY8xuJEvHP2HYqFImPjYz+2AvxIOGMUmTddXllJuHP2BglBUlOPwigRohQySXccx9lx8g2z1ot9pgmMms1mEiBJx0lInVaRotBUCw0bCAaGfYY+tIga3EShYuFGXP22T3exgpdyQQvKQw6FU4tEXgdNhCIi0oq9xwocfMghU4iIopAwsLQxG4FbgdvAzJBPiFnH/RiGl3IZGRqlJKcp+WOUyoWdgSy9GMZ+d/vcxF3GwaKIMwCtVVIBtZ+DOK4Kul1ee+01Njc3f2wFcH77t3/7t9/vg69fu8a5c+eQmC9hiyT2NFgCh6DHlbOxABADQjtLv1awWmvTqZNK7TgdACoWeBiEMcwrYlKmhxSSbEWzWWvQvlEGpdFEdDuaSHtMPRpQq22D0DjZgI0bPmozi44VAO0y+XCXRrOeKFsUmWDWcdw+to+pLIJxRxoTlMm4OJUrZsmHU5z5oxJnv+gy+6xHJp9j9B6HMAx2xDz9TSr9cLANbi2pVYpeISuBtxFJVqS1ptls0mo2GR8f/7GIJe/bAqytrvH222+jYpoVscmSwqQ6/Tl+vxmDnum3+H3/SbA3IckG4tw46AYEQUC32yWMItO2lU7jp1JIRxIEAe12m24Q4HqKsYc3EdO3iFAoIiBk7gXB1pUy6axHGEQUqoLSvStEfjt+TMTiOWjeKpLJ+UnPgAGtegFbFIYoreKbL5CxyRdCEAYBqYxPqjPC8//fFJe+EbJ5LWT5nYDn/nnE8itFCsW8CfykEZCUMlG2fiQ0YSVr3dfgQhwUGiocYGofsVVxXYf5+XkuXbz0Y1mA96UA3W6Xs2ffptls9kW5MRkz5ukDSR9dr/YdK0RfRJ+c6ljQ9oYktC5twB3HdeITAToOmjQmA7DRNtp8tlazTaGqGP7wMrpYT1xBtx4x87UMA4WRmLKtGDxWxxmz7iIkaEbMvZiiUCjFRBLD+hVColREp902ZFFpwB0hJL7ngxB0u11SaZ9yapxXfjfHrTciZKxYEkVYC3nudzs0ZvNkcymU3lkA6y+DJ64kOUwxeaWP8KpjKlxywIS1CYJz586xvLz8N6MAly9dYn5+vs9UGWIkApCxxsapnlEQCINwxxezgu4/+bYeYGBjRaGYY7g8RbUyhGOZudq8rrLuIvaJxCfD933DzU/5TJ1S5E8toWSYWIGFNyIWXy+Sy6eJwohSFUonV1FeN3nMjVc0ndUcxVIe13WSLEUIKFfylCsllFK02x3CMEBj3FUmk6ZcGuSdP80y/1KIiO2PimMMiKgtRbz0R4q0rCAdsaMOYA9LQohRlu+oE1facwXECKE1rv0Qu6DVavLmG2/QaXc+WAXY2NhgZmYmYdFAD7iwvHpiv+RImfhzGxha0sNuwVA6ncb3fbRS5IsZ2Bjju//3AosvDVIayJs8PWna9Am6XcMNtGlkFBHEHULdboibUkw8XkOO9wLCKIg493VJ1h2JFVcxfKyJM7qFQqOEotVtMPP6qhG6FKSzLmMTw0xWT9CdeYj2tSn8tEM6nUoqkd1Ol0Ixx/rrg8x8VYM2gjfl4DjIRAERN17tcO4rUCoMEOkoSRn700UT9MY8RUisqg377KGxCtFrabMMJ8nCwgKXLv1oruBd00AT9Z+lXqsnPtrSrYQwfgogUhGOMF/IcXuAR0KdEz3iZZLySJkUPIZGB9meGeT7/71gcy5gbRY+MTxEfrLD2spmkhpGUZR06wjTu4GKT46SCqEE+aEWhfvnWF3dh2gb/H/lkuL6c2kmn6iwubZNsaoon1hnuaPJ79ti4HCTwQMaKdMMVqqotUlmv5Zjaa5FurLC9OM1fN+nWe8YkokGP+2iNiq89sca7QYUT2xTu5gjqDloIpx0RKoSkhtTjJzSLC0FRF/Ocu8XCjTqzR74E1tJe5iEFIg+xcDyCISM2VBBYiVMcGgMsZGJ5ML580xMTrxvRtG7loNvzN7gh888Y8iWjoNrq3cx1m/o0yIJAK2pN3z8HpzZo2OLHus3/tlPuWxeHOTZ/z5Nay1CAhGa/H74xH/TRRdv0W0Fpu8v6mUBUpiuIWOSSW6o40o8N8NbX8wy+51MzM7RZCcEn/y/BjT0HGGgaGxraushhSqMTBRIOUU8N8X1p6ZYmWuS37NBKuuytejg+hmOfaJBQ80TBgo/5VEtjfPqvygw+6zi4K9sMv6JLVbPeTSWXNyUJF1S5EZCyhMOG9d9Grc81m6EPPZrBbyBGt1OmFhREeP9NmXuKx0keEivsNarguq+ApqFmcMg4PCRwzz+oQ+9LzbRXR/R6XQ4f/4cQWgQOccGf1LYsn58okn69oKu6c0TsucSki/YV++21sVE+QFz1zZod9qQRPARW1cDfvg7LjnGcXxBu9NGRYogCJPgyXEdPN9PLITrSaqVUbbPj7P6ThpFGJtlxdbNkLe/2wRMb2CuBEdOlzh88BCdmZNc/MoUN87WmXlpi+xIi625FMvXA/JDLebObXLu5bUkBy/my1z6WoHZ5yKkGyJaBTIb+zj+2CgP/IrPgU+0mHokZHCvxktFpIsh61cDBsY1V57rkEr72FS2HwWEnem0DbITgeuEUpEEjJpeSdwcAIdrV69x69at92UB7ooDzF6f5Z2z7yQpi02LekGcjCt+Mf02wQZ6rsF+UCsgS/JUO0ycJlcN6Thttm94RF3QRAgU28shmzclJz5RJKJF0A3jCptxRab/P0KpiIHBMqlgkuf/QPL6X7TobkZGoYRGFNsU7l2ndGCD3AAMVApUy5PULu7lzT8tMndjDm/PZVLVGqTqoGBgX4SDz82ZEC+/yfDxbVxfIV2BqA/y6r90iFqG7LJ8UXH1uYBrLyjKU4pUpYMKFEpBEISkChqlBLqZYntTsedohpAWKlJJCpyghIgYbzDVRISIg95eMG1daRRZYmxcqI7Rw24QEHS7TE9Pv6cV2DUGsKe/l5IQR6+mTm+E1/NDpqFSJuZfOL28Fnpl334gxGp7GIaksoJjn45QaoO5vy6gag7EhZprL4Y88y89HvnNCmGwYkyg0oSRsTjSgZHhceZfyvPi/96kthDixCeDVER6b43h0zWGD3YpV31yhRzh4h5e+G6azc15OltpHv6NLulBlzAUFEqSGy/4XH6+i1tdoHq6w/C+FJ5vUs/RsSGufTNLe9OkejpmBIUtjc60aKgamdA1vQiAEA6u6zB5zOOZf94mXXC4dbnFwEGN6hVFk+AuUgodKhPk2RAwKQZZaEUnrrBXayDBWaQQzM/d5ObNm0xPT//oCjB34wYrK6smr7d+Hd3D/JVGCwv1Wr/fS0vsh08qenHKYv2//dN1XXzfp9vt4vhdDj9p/Pr8t/OohiFkC60599chmaEU9/3yIJsbG0RhBBFUqiVSuspLf6w4980tCGN6uNT41S7V+2tMnG5TGoZqdQTRGoauw+X5WwTVNfZ+qMON5wdYfmuaez6nWFleJeqE6Pws+z4VURzycJy0mR+AoFjO05qtcO6vTPqoLBsIReFAl6O/3mBwykLXPfQwk01z+XmXhXM1hKcZvS/PyLEUQZwR9ANA0qJ5fU0I9ndaa1C9LMw0rOrYCgBIZCyXIAiYuTDDxMTEu1YM7/iXbrfLzMxFo2FiJ35t/U7vExpzlXRcx+Goxa6TlFA6aNETvs0EdrR3ISlVBMd/LiIKt7n5vRxRI1b7SPPqFxvkqzkOfqzE8uIK1aEBavNFvv0/N1ma6eLEBRqRUuSP1Bl7oMbYIc3IeImcP8qlH6S5emaLoONx4vNQPKhApxg7uc21Z5YYuN7BKzg4WcHo0SC+mRIvbjv3fAevM8gPfjeksRwiEvFrtKOYfDxgaK8kCmIMAfA80/yhQs2l1zaJwhBCxc032pz6bJZQ2EZWYx0d2aPI2aYXS23XMUSMzaDiWMGJXbPhyJhg0Fru+fl5lpaWmJiYeP8KsLCwwPLSUkJlimzFS7hJH57FqE2njUxOuMHFVYKf21JxfwXM1v/700I7hUMpRbEiue9zgiiqs/B0GhUrgWprnv79LVLZPIeemOL89xXf/4Mt2iuGoxcJjVvpMvpQh+kHO2QHYHh4hNatYb73tQ650VX2PADXXgwQQlPIl9ne3qY04jD1+CKdyEFGrpkLIB2cmI1sdb1UHOCdL0nWLnfjom3f+deKVDpFOiNohG2kEIkwozDC8SSea5BHgWb5RoNGLYNwNNlchnQ6jQokwoloNlsJbCxkr1Ko4mDbxlvCeoU4OLTuQWtlf6DTbjNz4QLj4+N3nUuwQwGiKOLK5SuEYZjUqkWsddYSWKGZ0CAuy0o3qVvbk24VwlYAw7j5A0j68S0fDt0jioahxssqjn3KBIsLz6RQTWNigrri+79f4/prac79oEbYMG5JO5CdbjP1kRaTxxW5okO+UGD+5QKXXmqx/7Emm/M+b38jYHBSsn6pTNCqkRt36XZCqtO+qQ47ZvZAFHcQh2EAQlAqF6hfz3PpqS70Cd4qQaQUC28JDj2ZBlomPXZ69O9U2sfxBQpjGTpdTaMWML63THPF59UfrLN+s8XxJ6oceazI5sZWQh617jc5LHELmi1JJzOSYjFJIcAxwbijHObn5llfW2OwWn1vBdjc2GTh5k1k3HbdgyR7LU39SpDQ2PpQK/qCEatU5vT3hi50Op1kfk8URTHZoYcgoiW5csSxT4XoSDD/Q4lqGzWvL4e8+fV2wtfTaUX1ZMCBJwIGJxXDo1WirUE6SxIns0JzFa695EBpnsknt9m8XGBxReGMd3Hb0lT0hCRUdv5APFAiZjJ5vkcuVeKFv4zo1MIk8LPCN19YcfNMwMZ8huKeNN1OmFQ7HUfS3AzZWunG6GBIyvUYHh7iyvMtXvvBPONHUoyflrz4vRtE0SRHHsvTarZ7k8wg6Y/sVVsdICKK4lhLaUzyZa2DiCHiFnNzc+9PAW7cmKXVasVlVpGMPrGs1iSfj025ZelYAqQUEiQJOxiMdoZhtAPzTtxF8gVFAo3a7plMJktmQiF+PkC4ITefc+hux/37sbI5BcXk4xEHPhRQHXcZKI9x7ZUMbz61Sqve5uB9RcYf2mbpsuDxz2ToBBGjB3vKZzMZ4Qh8JwX9gasyPMdcIcvSWz5zb3QgRvqt4PvdQNBVrC3VKUyakXFRGCaVvHYjpLHZxUvBz//GvZx7ZY4Xv7bCrStbPPALA4ztTyEkFCspXvqrG0wcOoyXBxXp3mexZWCsybdBF0mbnD2YdkyetSBXrlzhnqNHd2UTJ0lit9tldna2d8Lp1enthCxbebK+hwSXFj0YE5FwAPL5PIOVYfLFXH83dpL79n9gmxFYiLher1OvNRmZ9nn082X8ir355hz5QxGHPqs4+smAgRFBMTPKS//O4fVnrjH9xCKn/sEGN65ukh4IcAvbbK4ESEcmfj0M7cAJ+z0N2aTdMcOnDONI4pHl3Dc7hJ0QHQNLKvnT/BwRkh1SZEqSTqdrLElM+EgUXUWEIuLUxybIltJcfHmZD/9HVUYPeJjWYs3EwTQTR7K8+t1F0tl0H5lU7SyCCVMU60cBk0wrBoZMHGPiiPW1dZaXlna1AIkCLC8tsbG+Eef9YkelKoosK0UlEb/lAZg4wJAogiBIwJ58IcP8Wy5f/u/qhJtlBofLuPH0TQsMmZtsgstOp5O4Bs/zyKQzDA6V8aJhvv+/tNi8HhiTJyLSEwGHPhNw6PGQTAHS2TQvfbnJ6uY8R39um0OnBjh05CDC0bTaLY59MiJTipIWLTvqzfdTpjzr9FhHMuY5KKXJ5NNszKRZumDe2wpcJ0pgFEFkIvZ+QpGpBkRhZI6IJgZ6jBK1thWqHfEvfuu7zLyywJFHihSrMpl+YruX73m0xMKVbZrr5rm2ldx13GQ0ThBXWpP5BDYQFCQzjhIiThxfzc7OvrsLuLVwy8zP9f2kImWaIWQymcsOQ0LEvfEaUKHh60mJ5aOk0h7t9Szf+p9WWbnSYfFik0/+s0EOPD7Axvo6UaSSk9hut5M4AdGzLtlcGt0u8eX/4RZzrzVwMfl9YZ/gnk/C3pOCwaEShAUQEdv1WwztKXD/o3tYvi74xh8vkKpsMXbQJ5136XaCBKtQickME7aNPS1SmPpGJpeilB7j9adaBO2AHvC60/RHKKYeEhx43COdkcmwCQA/5TFQrvC9P1+muRXgAJtrTfY9UmDfQ9kk0Ot3s4WyS7gdsDLXYPyeNB0VJBNQLernOCSIq4xdbsKt1L3MoD9uW7y1SL1ev2MSiQtm4pat99vo0p5u25iQlJzoRaPSNOMlgaKKhzj4ToGv/P4ma1daeAg2Z9v8+//bTR77JxUe/9UhWsEG7WY38cX9zZJRFOGnPERY5C//x0VuvFY3whea8gGH45+BqeOCkbFhrr3k8MI3b+JnBfseDHjnmTVqf6hYnF9l/GDAvvvSeGmnLysxpyMKw17jRRyoahSu65BKG6Gp7SLP/2GLG6+14hawnYK3P8u0YuKkR7YoDbKnVTKjoFwa4LWvbvPqVxfNSfXh0OMlHvj8AOmCyd2ti1AoUimfXLZArd5ldbXGqPaTuYeGkm4sUxTF3dAxIcS6B9t6LpBIYVyDVYC1tTU2NjZ2V4Dt7S02NzcTQSYdt8TggrJpoOyhXBg/JJRECRXXsiW+73L22TozL9SSPnnQqI7mmf91iYULeT77W8OUBhtsrm/vaAo15tklm6rw1d9Z4tqL2zix8IsHBMc+A/tOuQwNVznz/S6XXr7FgUcdzj1Xw8s5HP9ExPLsLY5/xGV4Oo+QwhBTItuZFBFFvcmfAIVijmJhgO56CtV2aG/A208FXHxmjcaSydvVLoK3P3selKpp8/phiJCSVCrFQLnC819c59kvzaHamoF9KY59osz+hzJkCgopen0BhjTrknIL/PCLN1m6UiNoDxHG7hRAJWBcf1OJKblbv9/PxDYgncSRPeLNzfl59uzZc6cC3Lx5M2nVvr2xwQZ2/YOZnLjRcwc1SYNwTH9+vhpx8KM+sy+26GxGCNstFGouPrvJ8lyDz/7WBPsfqLK6spqYZNdzKOQG+MbvrjHz9CYuoISmuF9y/OcF0ycEpWKFV59qcGNmhQOP53n72U323BswMJpCa0lpBDPHL3Zj1rqY7mGRCF9rTaU6gNgc4pUvhSyeb9OuBRTKGY58uMzUQY/zS0uxCvcL32YBRg06dUVQ80iloNsxo20y2TRXXm3wzBdvIJTm0JNFTvxcgeoeH9+XCOEmpBbDDIZMOs/Xf/8yL3x5lvJwispoxmRYMdZi+wLs4YxU1McYkuZzWkucVA/jErJWCGncgEUdkyBQa83KygphbCb7qcc7Uoqk3y/2DLFFsDwBgCgM6XYCBiYCHv4Vxf3/ME3liIdyoiRqlig2Zlt88b+9wjP/pkalPEqpXKBULlDOj/DUv1znzDdXcVBEhBSmHE5/LseRB7NMTI5y43yL1747z54jed54bok9RwMOPJDBMpVsTmyZQu14T4AxhZIwvvEjoyO0rozw7f9nnZnv1di81WJovMBjv5nhwOfqjB7M3RHwaaKYdq7i5hJFpBXX32ziynRfKhty7gfLhJ2IqfuzPPQPylSnHIQw08JsW7zNeDLZNDdnGrz+rTkcNKMH8wxNZRHCWAbXi3mQ8XdIppgolQzKNgeVBDcw+Jol5Zr4bbtWu4NC7jYbDdbX103HS/wCKjJlTiXsZE6ZRP8CYgaOxkEngxH9lIfnuXQ6XVQkGRjyOPWJiKFph7Pfdbj+Up3OVhiDFJqoofn+H89z+cwmxz9aRkWat35whZvv1GJSiCI34nP802n2noJKZZCXv72B4zcY2ad4+iuz/Nw/HGV42jVTw2OF9DwnQR+ttXKkE2MWkeHuV0eZeyHLS3+8TrBtSs8Do1lO/2qK8xvf5tBrP89zf3EVRZhE2kllru9PMGnU9TNbbK/mkRlLUlGs3mpRHPU49QsVChVpsgN5eyt8ZFBCMjzz528TNEO8tMOxDw/h+OYAhklwpxOijYWBFb3oH92z2LZAJIVEy17xqF6rs76+zuDgYJ8CNJtsb22bSDSekWfMZC+CVHHd0nFcM1fXNjHFQUY6myLcznNrMeLA/QWarRq17QagmTgiKVQ9BqfznP9Bg41rbXQYpzChZvb1Da68voYFeIzwI9IVjxOfznH4YYehoQrP/vUyy/PrPPKpPQyM5omYZf5qk5HpEp1ul3Qqhev7SVZhXVkUB5YIQb6QpZwZ5+0/07zz7U1Uy3QISR8e+5Uxvjfze1QHRrhxqcN2rRFnNX0o5x1KYH7qNDVrCy0mjvkIKdle6SLycPrjJSpTJh202UG/i81k0/hOnq/94UUuPG8Cxcl7i+w5nksGTiSuWAiEI5IOqgSB1fQF7xb80UlDaRQP6AADym2sb+y0AFvxdo2kN03EptTpdfXsrAJa8AYcx0C86VSWP/9fbvHO0xvc/6kqT/x6lUw5otVooyJNoQKnPukwtLfI29/xmH19i/Z2mKRWbt8JC4UiP5LixCcLHP2wx/hklee/s8jC9WUOnBjkG186R7sR8sgnBomCgE6nix934EopSaVTMdO4mwRMQkhK5Tw5MckPfqfO/JuNJLKPiDj2wBgbhde5/uplPnry7/HCt9fjZlOxy6nvF33890jTrgVo7RtLKiMe+qUSw1NpUinDoejnRKTTaQYGBhBhiq/84Tle/PI1XCXwCw73f3qCXEnGHUoxUTROkXuFn7htTPaaS41r0ETaQNjmAJMAc1aRVlaWCYMAN671uCvLy31s3R75wOblvYYIGQd/og8giiiUclx6pcP5Z9YRbc1LX72Fcro8+ZsFPN/rlYRdmDgSUaimqe6XXHyuxvpck04zSG6sn3MZ3pvl6Efz7D0pKFVSvP38KlfP3uLoQyOceWWB+x4e4aVv3cB1BJMHy9hR30opukE3qZjZQc4qUrieQ84Z4nu/s8nNMy0s1UKhcFw48kSBm94G//Sz/2euf99jcXYhaRPXdxF6vxUgDjLDMCAKNIUBn0LFIwwCut0e6dPzzH4BV+T52u9fZebFRTYXm7hKEBJx4NQgE/ekUSoyFiM+5VESh8nkxNsZyQbJtH7f/N7WDqK+xRg2Fd5Y3yCMop4CrK+vG+3oywBME6ZtQpBJ4GEjQAMySKQjCNse3/s31wlbxr+Xhn0mT6SJwiBJF5MhzdKhNKi490nJ5NEyNy/kWV8I6LQi/IykMiGZPp6iPCKIooB2O+D5719ict8gr78wy8kHRzn76jL7TuUZmsya5tSYama4gmFvfHvs97tKUa1WOfuXAfNnGiZuiQWrMGnUrct1yiOP8fp3V5i9dD3JWt5d8L1/EUKjRTzTwIVuN9iRLvf7fMeVXHl7mee/egXZ6flyP+dw/CNDZPImXnAkvdkAujc4i76UOUn5tI7H5pO06kVR1PtdnxtptVo0Go2kLuC2W+2ERtTrTjFMHK2dXkNCzDvrjVsX5AsFXv6rTebP1QwNy9UceLTAvlMejmMi3t6b2w8tyWRSZA/C6F6Hbtsn6ES4KYl0IsKwi1JujDk4nLh/hPNvLXL8wWHOvbXEwJDHfY+P4qWMf+90u6ZnkB7+bRgxXaIoojpcoXY1x9lvrcSNGzvzeRVpnvuLK2hhfKTl5PaL/m6CT34nwUubEbVRqHAdJzk8/T5fa02hmKe2VEMEffsMiJg4Wmb6eNGwguJU1aR6JOaf2NSbgFbFqW5vhoDuw2+slU4+te6RTzY3N5NA0G13TCeJHfCQgEF93bE2PjAVMhNo+CmP9rbLS19bBGWaIKrTBe59Mo+XVmhFYnpsadK2j1voV0qJlwLHs0MiIsxQJU06ncJ3cqQKNX7h1w/x4vfncGTIsQeHiOgQtuIeO0tVT1hGvYrj0GgVvTnAD/+3FTq1YAeRY4cPj/2qNfv9J//dlSG2AI7GTfe1vsWNG8mBMhMvKA+UmD3T5sWvz4FSxGwGpAdHPzSEl1Z0u1FSD3HjhRXJYCl6+b9tSjVpoDU2IskYYsElCmGU0Xze2vZ2LwjstNt9dX77RJKvL/q/vO5x/jPZDM/86SrL1wxUK9KCez5SYnSfiIsTuk95esFjPzFU9WHztj5QKBQJghDXdfj6n75Dq1FjbGov+w+XSOcrZIuOURSpe2CP4yaf3+wAiBisVqldy/H9P1hk/UYbGYt+ZyS/m5Ato/nOx91NAaQj8LNxfi5kwniym0NCpfBch8aG5i9+903WbzRwYowxQjF1T4V995YRgmR4VBT1THpy/wVIU2/vD9dwHIlSpnysdJT0D7pOr83NCjYKQxqNRk8BbIqE7mmQ0CYbEH1OxXaoWri2viZ45Ru3EESEKCYOVjj6eA4tQsKgRwPrp371zwbob5A0fxeUB4q89Mw8IxMFSiWfdrvOI09Mk8mlGN/vxgCKxvd9UxyJ70IUhcnNUJFioDLAyjtpnvrdBdpbQcIfuKsJv4upvyPav8vzU2mXdMZNGLpS2Da5CCmMwvspj5nXVtmYa8Sfx3x+NyM4/ak9lKo+QdBJHm9dmdVRpUwTrpB2CraxgKGy8ZVEqZ6gE3i4r+/HbkszS7ZiBQiCYMe8Pov+GWZOnEti5/+YT5PNZXnmr5dZm6/jAE5acvTxMsWhCJTYATXaAkWko6T8a+fj2Mg0iiJy+QyzF7d465VrnNJTXH67yS//k4dpdxpsbW4lxQ7HNetbbJQfxEMiwygkCkOK5SLdlTzf/4MF2lvdRPjvlc/fLcd/dzdgKCK5ITshrNf15PaNunOlS9rPceWtWcOGtuaciEMPjrHvVJ5ut21crCPiUXF9sxGlYWjRNytA9z52X/dwr69Ao+PSNEn53V6ddocwXm8j+6duQ99Ax1gLTZt2DPXGPq6+qXn5GzcRMcVp5FCJww9mMYM+YjwhYf+SEEosE9ju77EKkMlmIErzrb98i/sfmeLMG7MUBny+/G9epbbRwU+Z0XGeb6aJKK2T4UsqMgOY7MKmfHqA5/50ldpq5zby5u14/m6/13d57N2eb0x4ecLHS4mE2AKY5owgTFrIZ89uc+65BSQkz8xXUzzwqQmyBTNlzI9L8ZYiZ2Fe02HlImxbPCJhMxlL0NcwEitCZOcL6B4SaB/f6XR6zCy7A6f/shXBqG+Nig0oCsUcZ36wwtp8HU2ETGuOPV6hOAxaiySwsS+q4zjArGR1dhBN7AfJpNN86ytnGNub59L5Jab3Vrh+dQUhFMJRdLtB8mXCIIhhzvh9LKk0CMnlMyycjZh9pYZzV2HuFCi7CFX3Yf23P5/bni9QFIc9hCS56TZIcx2zZ1CqFN/94kXadYt5mPLvgdNDjB/KxgMf4qVU8TIqM1DSw3Uc0wQTdLFZmM35+8fnJDc7TtdtVtc/i8n8qyCw6KhVAHkbRt0fFPZP+3QcQbcpee37C2gdEtJlZH+JA6ezQBT3sfUzVm0xwkTCliYF9LVECWYvr3Dt8i3uOTlGaShFKuWycnOTk4+OokVvZnD/VE3p9FK+SEUICWmvxJlvbKLCaBeh3U3wdypKv5B5D0vgFySlEbdHKomV3Y6CT6dTvP79m1w9sxx3LMWxi6fZf/8AXspO/QgS9jS6FztZV4w9lFGYZAYWX0ko97aeY/stnF59p78/MwyCpH1PJgLvm+LRn0rY/j8hBNlclstnN5mfWUcQIX049ugwQxMermPWq/VP/rYAhoVB+5sYe2NSHIQEJ5KceeUGQ6Ml3njpKh/6+GEGR/JJW7odJmU/WxAEZoxMPEqmUCww+2qXhfP1JJPnfZjwfmXolX17z+2RQO98vkKRqThUJnyCsD/aNpfjugQdzSvfuRbPLjL/RUQMjGUZmswQxoOxbRUPzH5kpVXSKmYp5tYtW6ut+w6nGcylkoZcuH1HUm9MTy+WiRVgB9KUaFBcaLAkYwGe6/PSd26gVEBAwMiBDB/+wgS5vBl/EsbTsywXzVLFiGsJ/aNhkw8eRRTKPj//y/cSdSKee+ocpx/Zy76jQzuCSZWwhzyDScRrXxGQTqdwVY7Xv76KCncz93cz4XfGCLfTvu6kgfWCQoVi9ECGdM7k5LZNrtdEK6hvt6lvt3e8Do7m0EPD5AecJP1Nhm71HZAovj92GAZ9rCkgDhBFQmezAWHSRq5IUkJEj1oeqd5hdHfrHlUYoqqdWCmlIJ1JMX+lzrW3V7BTOReurvOv/rsf8vjPHeDYg6MMj/g06g2azVavdExfYNjXHga9sehKKUamCnx69F46rS4RXVrtRpIxADtOiY16bdmzPFDkynMtli43+lopdo/a36uws9tz75YpOD6MH80iXRCRm0zztLuHTQUPM8yib1R9tuxz4vER/FRvTG7ixpXG9d3kIKoYAbQYn52XaKN+GzvE5zUx9xYljJSMl2lAD5Dpydq1kWE/HVxaLYxRLTS4rsfZV2apbTbxbKDX0cy8dJPzL88xNJXn1IenePxThxifHgQRUtuux0GksKD3jsHQ/TOBk2aRNLiYQYtOvGrGTu5ScbonLCNJKtKpFKKb5cx35tGR2vEN9bsI73YF+NHSP3OWh6azDE2lzXeMU2bH8xKmjrGu/QQSQ5IrlH2qY4bEkmwrjWOG5P3s3EBI5gJIeSfIpnWUFMCkEKi+3kwLH/eo77dF+1YBdoxu68MDbO4pHEnQ0bzxwxvIePKNvSEChaM1K7MbfGt2le99+S3ueWCcxz55iFOPTuP70Om0aTbbCRJoCRuWqWPfzw6h0PRax6OYnCLioEZKP8EQtNIUSwXOP9Vg+ZJB13aSN+52um8/+XdTkHexAlIxfaxEZSSLikIC2+aWlJCN23Q9ByHNcyz2VxjOmIljUiNlDyizrfW258Ke6P5pabGgkpY6KU3zqCWHqKR9rHeZSe69GK8fZHINVm0Sk4QWfVsvYCrtc/38BqsLW0aTpQEsQpuaxNbFAVQz4MwPr/D2S1epThZ57MkjPPzRQ0wfHKVeq7G1tZ34/v5ZeVYxLIHRBlRBnPalUqkkxghCRbfTJZXxCes+b37rpsW+dhXe3c36e/9upx3p/d0vOEzemzPomxB4rpu0cffgV43rpNDCpn7gpiT7T1VNP0Hcp2AbQfunhtr7b12gqfHLmB6ukmZRHfP9pJKYwRok29Z7NQETy1lXYxtW+ixAz08nxRFMAOE6LqlUirOvztBpdXCAgWqZ+z98H4vzy8xdW6C2tUm32066hlwEuqtZubrJX1x9nu98+Q0O3zfOJ3/xJKNTGZrNVhKV9qp3QbwqxrB0PM9wCVKplBnhaptJMf3yqbTPUHWEp/94hbXZVm8oxK6nejch//hxQoRi9FCR8rAb9xM6iaBslK6UIp1OUV/TdGph4jhG9w5wzwPDSEcQhTHY42iISA7CzuKWDSjNN8SRBm9R1hX0saqlQCjjboUUCC12BNzW0iTjea0FsL44GVcKSVTvSElto8PFNxdi3D9i7/FRHv+lAVQ4wMr8Qa6+s86NK0vMX5ujVtuOuQAgEXhIWmstXv7uDIVsmc//J8dIpfwENLFj36zGm4C1l7/2t0Pb5ROO41CtDnL2W3Ve/8qtvtUt7y283U/+7XHA3VyICeakC2NHMnhpc7z6hW5Pv+95FIsFzj43S221hRMXo0vVFOUhn0472NGybS1gP2jjOk689l4R6TDB/C3QZkbrW2wRdKSTdvykwtnfyxH/6adSCWLpep6X+BylNTqKEkBBCkk6k2bu6jaLc+tIwEu57DtaJVsymHShKtl7Ypj6+ghLs8e4dn6VK+fnWVpcYGtzHdu8XsjlOHJ8GqXNYCggaROzE7UNPTwyKUtfupjMEHAcHOEwNDzEhe81eepfX0UHip/U5O8WCN5NGRSKwmCK6aNlPM83aVXcCAq9MbBCShq1Lm/+4PqOd9zabEHkgQiSE283pEBvgYYt5Ni02XXcXlqle59WCNDKNreYQDDSAimMK4isMrlezDQSJm3uV4BOp0MUb+mSjpPAuEKajZ1vvXgDFZM7Bqpl9h8dNEMXlRPTvTSVcUF51GHfqVEe3Zhg7lKT2YurXL4wy62FOSamJxjdm0pKnrYnrn+RJPSNVJcSx5aS4/JxEAYMDVWZebrON3//CmE76gN9+su57x7dv68g7y4WRKEYPZgjWza7/gRyB/JnCzKZTJraepeF6+sJz0ACczOrXJ9ZZe+xMq1me0cKaOMHrU3jiIpM+ua5XlIFtHsRE6JOfHgdKQmj+KD0reJLmkdVmBwk3++tm3G9mEnbjx4RT+xwHIewq7lyYRELYk5MV8kP2NGtFiWUcZu4xktpymOK0qjHoQfHeWh5gvnL2/hpwcCwR6R6RaD+fbp2QYTJcXsgUbvTQSuF7/lUBgfYnHP49h9dJYgpaO+d6t3p499Pmnfn68UKJTV7jhfxUzK2WPEpjVu4bGCbzxd4+s/fplMPEpaRn3GROZ+3X57l8H3DNOrNHVaDWPHRPcElsxW0xVR0AuzoWHe0bf4g4WsngWD/lLYoinCkQ77Qaw9zU77Pdl9uaU60MUOOK7l1Y5O1hW3zFYRm/7FR/IwNPGyqqOz9MoWZmEbuZyQjewUje4t9fICdULG9Epw6tIMazE1JxcohJDgqxff+7VUaa52YUPGjnd7dzf+dAeNur2MVLZVzKA16ySFxPZfIfua4g7cyOMCbT9/k2a+eT4CpiIjKnhIPf/oILz59ge21LrlClk67m+D9SmtkPG2VGCASmF4DMyW1tzfhNtaOCQpja6l1r3O4fzi3ZRmXisWeAmSymR24P308tlTKZ35+kdpmCxdJvpRnfLpoqEVaJkEbsIN40CMy2Nk2YcJh779sRdD+bAc026WJjusktfFSucCFZ7a5/sZGQqh4v0je+0cB39tNeFmXTME1SKcUSSTuxrGUl/JYutHkr/7oZYJ2GC+fNs/vdrqcfGQS7cB3vnGWL/zag/i+ptXqWeAoNvP9w6I1OoF6+9frqDh915FOLCc6Xj0neou1e7Udg7WUyuWerCqVwR6BUPdKwebvgmvnlmINDhkcL1EdT/elFHZIQW/+r9OH8vXnonbaSLI7ID71/bvzfM+LgxVD8W41W7TbbXL5LO21NM9+6QY62r3AszvGv9vj3vsxO8/8ztdFmOjbRvuW0QTgeS75bJGnv3qOzZU6XlripGMBAisL22wsN3js4/uZmBjguW/N0KorvDiGMLRxd0dap2IsXyaNJf1LJHTMznZiOngPS7DgmaZn3ZXSpNOGN5EowNDwEBav778Mb09x9cJSslx5bGKATM5JUjil4mDNdXoFmr6lC7bA0Z8eqXghksX5s9lssj7droZPGEMqoljOk3EG+fofXGJzsdmH9b970acnxHd/zO6C3/05oGjXA4R2jNBi6xSEBqzK5rLMvLHIGz+4guc5PPyZIxx7fA9hvFA6DEL+8l+/gCNdHnxiisOnRmIGkdyxRSQh1MQQr+3PtJRvErzGdjzbhZq9YpBl4vQPmtJaM1AZSHo5AWSpWIxpzLrHQdca13NZXa6xtVEHNNIXTB0awvHYaZYwKZv9EL2+gr6dQZZdFFetut0u7XZvCJLTh6A5sWK4rsvQ8CCqkeNL/++3uPbaah+X7vYS7k6hgb7L43pjZm4XLO+iHPQpR7PRYWu9i+f7CYHDNm4Sunz/L9+h0woYmipy3xPjjE4XcByBIsJLO2xsN/mzf/U8rZqiMOjipfWO+oiJvZxe0auv2aPXuq8Tfqbt/jFTSazliO9UPwikjdyGh4eTphAAN5vLUR4YYH1tbYdfc12Hm1fX6TYCNIpU2md8esA0QSSugsQbO44To3GxFkaKruomqQsx9OvuGCdvTo8dK2PjAMd1GKgMcOt8l6/+3lvcurSdsGjvjue/D0BHaHKDHq1aQNRRd/77rrHDzn/XWnHlzRWOPjBMUzcTrmImm+LqzBJXzy4igX3Hq1RGM4xsFvELDt2W5qN//xT3PjRNp91l/voKkwdKySlOhlPFI/Fdz0tavJKBmo6T7F0ydLEe+cZqiBACoc1kFy167tcGlOXbxsi7uVyOSiVWgHj4kDUb168s0Qk7SAQDgyXyJYNM7dyAJeIhRb11bv20L1uKNMIO48kWO/lzFgQRQlAeKBE1fZ7+d/O8+NXrdLaCHcLfLVC7O2qnyVRcgm5IqxFR2ZPh9KdHef3rN9lcaN9WOn4vXIDEl198e5Haxj2k0ikzEMQ1hJq5qysmGxCC8kgKKTUjkyWq4yXmriyz/0iVw6eGWF1eI+i6O6qh/SigXbZp4mYdF31EX1pnm3TsZJXIGoZeM0gySKI3GyFXyFEZqOxUACEE1WrVbP5WpivFcSXNeoAISkyO76XeqjE0NoKfkb30L64haO30OlLp0ZBtF6vN9a0W9jN67FAKU5wQ5LJ5Lr9S56l/9zaLF7d3rHLdTfDvFckrNAOTPic+NsHmaofSkMfAqEe25LCx0Jtovtvr3c2yCGBzsc4r37vKJ3/lHjY2NnE9FxUpypUCuUKKeq2FDuOROW7EiUemuT5ziz/53R/QaD7Owx85hHBD6vWmYe6KHonWiQk0lt2roii+jz03aa2OycYM/mKRU+jHAlRfvKYoFouUB8o7FMD57d/+7d+WUhoFiP2x4QFoJqYHOHZ6P/ec2M++w4OUh52kZGxHwmiI2497JUrorYa53b/Z3/X65RSe75JNlXjqT2b56z84T225lYAn7zeF201woGm3Qh76uWmmjmXIFMDzJXMz26zdbBlytjSRfRIpo+7yHr3XB1i8ucmhU5MMDGcJu4aZVKxkyRVzLN3cRLqC+x7fRxSF5EtZVubrzF9d5swLl7l47ibpdJapvaMxFtCOm2F6FUXT4OrFHAAT09mNauYAmsf0bxu1gV5/4ac/8z50+BBTU1N3KoDredyYnaXeqMf0bUO48LNQGBBURh3KQ26c88dTrWJNTYpI8XwBuwSyv/bfn+7dvkHET7nkMwN8/Q8v8vyXryKDJMa9i2B3V4a7neJ2J0D6sPdEiXa7jZSS5bkmi1drSAnl8TSpvEOz1kVITXEkRacdL7zaNS4wf+t0AtbXa9z3+H66QUxm8QVD43lGJoZYWtpiev8gXkqSyrgUSkWunL9J2AxYXdzi9ednePOFK2gh2TM9RnWoTDfmN9pTbYNq4pa3pDBmzXscjKtY+EkGQW+Ta5LbCXjgwQcplUq7KIDrUq/XWFi41WtmTA6g8W8ybta0VKN+c2+BG8td640pkQkXzVqC/tIkaAqFIk//2Q2e/fMrOFFfteNd/fH799vGFUTsOWpGviCgtt5l7WaL7JDH5NES6ZzLylwdpRUHH6yy/1SVpVvbBJ0oeY2dimXuwNrKNqPTA4xOFQm69gRrytU0E3uG8TMS6RggbKCaR4o0V2fmEREIJdjaaPDmyxd56dnzdDoRB49O4jh22lpvRLylgUvLGzCHfweJ12YDYOI4+2mj2IUMViqcPHUS3/d3KEBCCBwbGyedSiUIo22xtt3AdkiRHegk4vRHCJFs7nDj6NUWlSJl1sJY02Rn49itn4Vigdm36vzwT68gwp0n/W5p3e5Aze05fO9nhcLLms4aO3p9aE+WQw9VGD2QZ+poieG9ObSjka7gytur7D8+zMd/7Qj5YR+zckbv8p4aHSpefGoGz0kjpOlNCIKIIOyQq0R4qZ6ZFk7A6Y9McfShfUTxGhsBFAoZHC15/tvv8MaLV01WEIYE3S7aLptMMBprBYhTcJ0oSJIdaDssoo8BrBSjY6N3jIiDvkGRwyPDlMtlVlZXkbFPNMiwjM0JCNmjiSeXNjUCRzpJAGMsgUraknrIot4R6QoJb700R6vRwUvgpvfy63ee+LuZ/whFrupz+OEKwo3odEzBqVj1OPHEEAKHdFbi+ZJUzqE8kiE/mOLpr13gP/rPH8N1Pb77p2/TWG33yDJ9lkUimL2wxOVzi0zsz9PpdJOA14l7/HTc0CmlpDAg+fhnT7F4Y5XluVVz8PaP8ou/9gQHDk0i3JBO2EDb3N/2PPSBQ+aE62SWs7UEWtkeT6MkSVwQE0Dutjkk2Rnkui7NZpNbCwvxfDmn5wrsF75tjJy98cmkSltwiPcK2EWS/SVe01+QoVgqxEMpHNZuNalvdBLr8m55+Pv9XYSiPJnl0c/tY/pYnjAymIRNXaWjkY4CofFTDlsbAUs3t/jo5w+zvd5mY6nJgx/bi5Zwa26DbjItdKeLCcIQx3c4/egBw+dPgl5ptpwpg6l0WpDys4xND9BuRsycnUVoWFva4uybl7l88QaloTzjE1VD84phPyNIMwvA+HvVU8Y+RpBtH0+WRmidrJ+tDFa4//77dwBAdygAmA0X165dM5u/+nmBsX+xcQBY3L/Xq2bn0PRj+8kC6VgxPM8jk0uzPh/w1BevEW5LDpwc4ejDw2QqDgvXtgxTpu8U/ziCdzOCvacGefRz00weyeI4mkqlQi6XM6BTZD5jNzDr6LyUQ2kgz+zFdRCST/z9Y1w6t4iflkweLOKmXJZvbdFp9T6bVVUBbG7WuffRvfip3iAoW/JOUuCu4JVnDER8/PQ+Lp6fY3V5EwdBu9ll4eYKVy7f4sjRKUoDmeRkmwXcNrIXO9BaEQs8sYxaJ1VB3Wd17z15kj23Rf93uACASmWA8fFxrl27ZkbCx+Y/2WFvuWq2+zSeh2+LFf3Exv5Sr+s6BIGi24K583XSOcmrT13lxS9fJpP3KA5kCIKQgckMe06UuXZmhXY9TFIbdjl5/VbC3HVNJu8zvL/A3hMDTB7Jk8opECFD1RHefOYWXtrhwKkKKysrBm6NW95dx6EyJnn4U9O8+r1Z7ntkikc/tZftrTrSdTn+8Aj5Qo4f/NXbbC/X4wpfT0nrGy3eeWWWxz99iGYz6q2GT+6AIFOQnLh/mme/c46RiTxP/uJpbs4u0t7ukimm+OyvfISTDx0mX+4z6+hkUJeOF3aiSQ4bQsbNH7YmbJ9jrQHkcjmm9uwu/DsUwHEcDh06yM2b80kZQcRUMaHAcXq5ptne2WOxJn1pt41G8TyP2oqiOJxmbnGFv/i9t3j4yX3sPTjI5VeX6Wx1WdrqoNFkWi577ilz/PGTbCw1aW0GbK7WabTadLt2F7EVv5mmnfI88gNpisM+5eEUAyNp0nlBJuPjei7pVI4Xv3Gdb/7J62RKPv909ENUhgZo1BuJNeh0OkgpmTyUo9uZ4K2Xr/PYZ/eSK5oh077vcfi+Kp3OEX7w5TN0a0EifmOKFefevMHDTx7ecXNtkc3y8rNleOyTh3nhuxc4e+EKuUKK9naHbqfL2vo6wgkZGKyyvb1JGBjo3MoASwQhbtPX/QihTGr9wI6dTeMTEzvmAr6rAgCMT0xQrQ6xsryMjFePWJAn4WjGgtbK1qzjbSBY/xSTF7QR1Os/vEllqMixR6uk0g7PfPkiB05V++oK5iS11rs8++eXGBjLUp3Kky64DE7k2FsZRLoQdEPCbpRs3XR9SaGSYWJ/hYFqFk1ApANQkk5Dc+WtVc6+dp4LL80jAqivtrh6bo09+6tURgbouNuoSJEv5OOu2S7eaY/ahuEtOo4ZPKm0JlQtDt9XZe3Wfl556oIZ8R9/bong+oVF1pZrDI3n6LS7vcpeH2VcKUV1LMMX/tGHePo7Z7n42pyxpJ2I73z5Rb73zZf5P/7XX+D+hw7E43hIZhz2ppCrZGO7tQ7mdzoeOa+S9NzzXY4cOZwU7d6XAvi+z+Ejh1ldWYk56L2toXYhNFhsQCTKYeEqCwGrSJHJplE6ojKR4hv/69vsP/Exhiby3JrZYubFRYSkb8lkTFjQsLlQZ21hOzFnwjEZiI7ToB7CZZA84QsKxTQjUyVy5TTN7TazMyvUN1voSMUNI+bx184tcvnsAoOjRT73jx5ge6PJ2RcXWF+rcfjoBPuOjbLsLdFut9Ha3B7pOIb7l5Hc+9gkV8/dZPXmZh8EDp1WwLnXb/DJqZO0VSdZFe/HVUOT/jpEHcnF89d4/GNHSfmCP/m9b6BD891HJ4bJejmCwKyuERAvq+7tBQKB5/lEkcm0orCvG9t+S2XS8qmpKUZGR3m3a9eFclNTU5yvnGd9fQ1POEnOqeJo1M6oN5ag55OjIEi0L5PJcO6lDcanBjh6ag9/sXaWP/3nrxHUzYDIqBP1G1H6/btpMulRnnTYm+/T//jkp65io15nbWEreQ2ZkMvFjt9dP7uMdODKmQVm3pojaIdsrTVQKuLZzFn+3v/hce5/YoqFmwsJ1B10AxzXwRFQGUlx9ME9PLOwgdAWOjaf6tyZ63z8cycNTN63Z0HLeNqHgPlra/zRv/gqqZzHPSemKQxk2FjZ5qO/8BCf/7UnyRdctAgIwwBFDwQSwoycsbGAcftWBvE+ZWmmsAml8FyXe+65J2nHv9u16+pYS2ycn5szKWFfs6OMYwKbhvT/bOriMqlCzby+zF/9yzOsLTRZvLzJ8vUttpYbt41ie/dq3vsp0NgqnSDua+wh5HcoTBRGBN0IlKa13abbDJBa4CKJQsWld24yMj7I/qPjNJoNY9hkb2W7WSaR5urMEo16i6GJMlpC0AlotzocO72P6kgxng0sd/hjpTTZbJa1pQYX37rG/OUlus0A4UBpPEutvUG7HjBQLSRwrz3NtjhkJ63sHD9Hcv9UFBFGEZOTk5y6774dHda7XXddLDs9Pc3o6GjCS7ejx5MqIDEaaKnkkIwld+OBzccfGSc/kOL5r1+M+XG96t57UbZ2I268F4unH6nrn/HPbY/dkT3YGxcjc91mwJ/94dOcf/UWoyMj+L4Xj6IzoEwYhgyPFzl4YpJIhDz0iaOc/vARkJp6rcnlmXnDpo5H2PSvxgFw/IjHPn4v1bFKL6WMNDOvX2fu2hLtsInvuT0+n7WC5v8SzkT/lDVLs7NZk+d5HD9x4j1P/7sqQCqV4p6jR/FcN75Z8XjS2KzaIdIqUZBeFYrII5POMjia4pFP7yOd9XYRZr/gdmPp6F0F2P/v3PZ6t7N37j4LYDfmkPlZAM3tNv/2d7/D89+7RLFQNsptS61SokXIoRNjZPJpylWf+x7bS3W8jEBz9uUrhKE2o2EcAwaFfYrgOJKpAxUee+I0uD3rVN9qcuPiOo7KE4R2QKT5Gr3KazwWvn+ye0L/0tjZQPv27mV8fPw9hf+uCgCwZ3IPe6amkmYFpXUCS+ukJmDbtmRC+Zq/usH3vnQFSZr7PjrO8SfGiUR0h7DenYt399Eu7BCmNfV3G/p0e+3gbj/bGaIRk4cqHHtgmteeneHcm7MxuBUQBmYSmZSCyb0V7n/kKIVijoHhFPc9fgTHlczfWGZjtZYwn6To0bOM0EC6EQ995AhTByeICHGyko995nF+67/8x9x7/ySgerx+2RsIZVlYO4dHq4RVpJQil8tx/N4T77k1/H0pgOM6HD9xnFw2l+DKdrtVfx+BEIJMJks2mwGtGZ0uECrF7/2332N9oc0v/cZp9hyvECaFlbsRNe88rXea950n+b2tx24nXu/ye50oV73W4tjpKf7pf/FzDE8WiOxau5SP76cMvJtWfORz9zA4kkNIzelHD7D3nkka2y0uvTPXN9tAJ+a/14PpMDiS5fGP349MSR578hS/+GsfJpXXyWq7IAji9b0kbB/bh2i5lq5riKl2nD9CcOz4sXfN+++Q8W5BYP+VzZrtVouLiz3UL16+FL8rrueycLVBexuGxvO0200GxzOszLf42r9+nVI1y6M/f4hL7yzQ2Gzf1s7VH6q9F+q3e53gzuftfP7dgkt2eRxAq95h5u0b4GhOnDpAoZQ17XNRlHAeNBovJeJ7IvFSgkw6x4Wz10kXPe57+FAc+fc6c/qnpEpXUC6XmHlnlssz13n+mdf5668+S7PZ4cSpg4nZ7129oLu/o7s3akcxMjLCAw8+8K7bwn9kBQAol0tsbW5Rr9ex83g1mnTaJ5X2zWImDc/+1TXadcXBk+NoOoYLd2mDH37tHN1OwJH7x5i7uErYjd6VbPHu0f/ugrx7tfDO1+pXk93eTwBREHH5/E3On71BpTrA9L4xhNQE3TBBQs2hMxGx4wqGRiso7bK4uMzRE3uRTi9Vtv4/nU4ni7mzuRRrS3XOvXmJRq3F4OAgn/7sxygPpY3LjQEfIKm7WNdrGUE2y/B9n0cfffQOytcHogCO65LL57m1cCumbjt4rktjHbYWI4YnBsiXPFI5l6/+2zdYW2ly74P7yJUcXN/lyptLXD+3zOqtGmhNt22nad1N2O//1N7dksDdBf9+fjbp5NZ6nTdfvMjqWo0Dh6YZHC7RabeTClzS0y8liJDqcJlKqUJxII2QvR4I0/jis7ywzfDoIM2m2ajiuj4vv/A2g9UK/+g3/x5HTo6gCUGLxAL0F3bMJXb8TivNiXtPcODggR9J+O9bAcAUFVzXZXFx0eTZQtBqBLz90iJPf2MGIVxOPrIHx3H42h+/xo0Laxw8McG+o1VuzW6yeHWDTj0gaIc7XMCdp/zdTbS+i7LcqQS7P+ZOhbjz/fsf53lmZP71Kzd5/eUZfN/nyLF9CMes2zW9lD0hpzMu1ZEcrt+rhFq2dBRpvv7vn2NtdZP7HjhKp9sBNBcvzPIr//gXOPHAJFoHZjpY3K1t+zSBHjaATsr0SkWMjY9z3+nTP5Lp/5EVAKBYKtJqtdjY2DAdsEWfA8dHGKgUePHpy5x/9SYf/uwRFq9vcOa567z1wnVKg3n2HB7kzWevIaK7o3l3+uLdfPjuirPz77s95s7q4Z3vtVPwCk1+MMNnfvVxDhyfYmzPMDqEM69dYnZ+if0HJkmlnMQfd7uBcQVObyehmWlsWrsN91/guTn+7E/+GiEE9z90nHary5svz3Do2CSDQyVkXGBLSunJ8Iye8JMNqFFEvlDg4Ycf3tHx+zemAFJKKpUK62vrtJpNvJTH5lKAjuDgsWHeeu46Z1+a49RHprnw0jytrS5nnr/GhVdvEjTDpFz5o/vy3ZXi/Z309zb1uwWCoIlExEMfv4dHnjhEZTjN4RNTHL13P1I7qCiiPJiJhzjE83zdPsQ0ZkdZWreF0YeGK7Tr8O+/+A26YcjxE4d49aW3Cbsuo2NVMjk3KSL1poFZhnWvIgjgei4PPPgAIyMjP5bwAYTebXbYe1zr6+u8/PLLtNttNpdbPPfX15m9vMratW06zS6DYwW2V5qGLv0uAtj9ZP8kAn4vS/Degu//fBGK8nCe//S//gIDQz61ep2Un07mJ8t4JDwx0te/q9cGeo5jmjctScZxHeobmr/80+/zwgsvMzRQodvp8t/8P/4Zh+6ZZD22rrapxtK/7MrYXmdVxLHjxzl69OgdfZ0/yvUjWQB7ZTIZctksK8vLZAoeB08MMz5VYWOpztrNbVq1Tjyz792Dtfd70u/+87srx7sJfvfn7HwPATQaLa5eWeD0w/fguPHaeWHAGM9zk65q13OTlNAGZ57v7ZhpbHsqPR/2TE6xfHODa5dv0G0FXDh3hYP3TDM2PkSr1Yq5D5LengaDy5jGTs2+ffs5dvzYe2L973W9P7hol2tsfJyjR4+BBs8XHDxRJTXgEGJTvDtHsN6Out3+884hzfq2/9Qdv3mv597+ntz1ddjxb/ZnhTHbN67e4it//kMymWzCehZS0ul0CePOHhW3ctlpIY7rJLh9p9Mh6AYJy9fzXMan8/zyr3+KweEyru+wcGuF/8//64+4emmhN99fWJwfXM/D981wrYmJCe49ee+PFfTdfv1ErzC9d5owCrl48SJRFPLwJ/dxbWaRzRvNvgkedz/9dwdsfpSf4b0sS/8jb3cTd/scCsWRU3sZnRimWW9TGchT224gpOqNuLHUr3jZZmK6Y6q8jAdHWPAnUoqo2yWXy5HN5YjELSIRsvfIJJ//5c/g+yk8zzebUJU2m9lj8MiRDlEUMj4+zslTp95XoedvXAGklBw4cAA0XL58ieOn9/BP/yuff/c7P2TlyhYukp0ncueNfnek7m6Cfy8/vlsccDfB3xn42Z8VivxAmr//T55gfWPdDIRydAz69Ob5OK6ZWhoEAY4y5tmO2bUpnO3+td1QrWaX//n/96859+ZllFLseXCCfNFhav9AMi/ADnwUgO/5hGFIdWiIU6dOJivfPojrx3YB/Upw8NBBDh0+TBRGHDk+xm/8Xz7O6JEyAXZAYs+s3u4W3j9+v7MecLvJ3t19qB3/xh1/383VmP8kgteeP883v/Is1aEy2ZxP0O3G+wkNOycZ5NivYslYdrvOJtwB2UopuHljhbNnLtGpdXA8SbbscOjotCkjBzbtM2vo05kMSkVUq4Pcd999ZPqme3wQ148VBN5+CSEol8s4rsv62gaVap6jpyeZu7bKyuLWzhv0Psz3+7MWt7/GuwNIdwZ6sNvJ738dHcGlC7Osr9U4cfowmaxPtxv0In0R8x41ca+BTLqe+q9sNku5XCKfzyEdST5XIAodrs3O8tFPPIbnZTh/5goTUyOk0x5KaVLpVOzzI4aHhzl58uQHLvwPTAESJSiV8FM+m+sb5IopTj26l43tGjdvrNr5j7uY8feXn98u3Hd7zrsrxu2PvfN1pGu3bkdIJZi9epPLV+bZMznGyNig2dqh7bz+vryfvj7IPubO0uI6f/K/fY0rMzcJI02pUmB67zhvv3mB8+/M8OSnHuHY8XtYX91icKhANptNuIRjY2OcOHGC1Ado9nfI7cfBAd710rC8sszFixcJArPm7Zt/8Rpf/zcv0a0HOH1xwc6b/17gzU6FuDuWALdblN2Efueje75/aHyAEw8cYubsdRZuLBFFEUfu3cfBw9PsPTzG1P5B2t1Wr/Wtj6KVtNib5n0cx6HdgKe/fYbvPvU0jUYd3/fIpNKEYUR1aJCu7vCf/davcejINKl0Kpk9NDk5wf4DBz6wgG+36wOzAMklTN2gXC5Tq9UIgoBjp6YY319l9voiG+u1mBN4u7D7hfmjKcF7ZwW7C36HggjzugLoRF2e/OyDPPj4CRzHZWurRjfq8Plf+xjFcpZIBclgLBH3TzqOKZCJeF6QJWoKIUllHPYdmGRkeJzFxWW217aJOhEqUjz6sVP82q9/nsHBCtWhkhmi5bocPLCfvfv2fSCp3t+uAsRXKpVicHCQKIpo1Ovs2TfMyUcOUK81mb+5ggqjHbTqH0/Y708Rbv+33V4nW0pTGSnSardptTusrGzwxCdPMbV/mMnJCeq1DhcvXOO+Bw/huCYTkI5MZvFGYTzM2ekNyPI8j3Qmhef7eL5geKzMvn0HWF5ZY215nVCHkNL8/OceZ8/UCFFkGD1Hj97D6Ojo+2b1/EwqABh2caVSwfN8tre2yWZ9HvzwEaqTJeZmV9jarscNFv0C/dHSt/eT07PLYyzUY7ejBmHIniMj3P/IMaRwuH79Jl7aZf/hUTJ5yf6DU2QypsnUTzsxPSxKLAEI/HivoeM6ZNIZisUSjUaHjfUa7XaI4zmMTQyipeL8pct84Vc/xT/7z/8h1WqFKFIMDQ1x5MgRSqXSTwTv/ijXBx8D7HJpranVaszNzbG+vo7nu6wsbvKVLz3HM994g+ZWG6dv38edwn0vPB/udtJv/7390/EFQxMDbK01qG3Hm8YczT0n9/HpX/wQnVZEu91iz4GyeY7WSMdN/L4TT0mx7e9J8UYIXNchm8nzpT/+Ji8+/yYqjP9damRacvLkfn7hc5/k9P0nUCrCcVwmJycZGxv7iaHdn0kFsFcYhiwuLrKwsBADHnDu7Wv81f/+LG+9eJmgFeLE0wB7wnt3Aev3EPTdFAEH7vvwYU6dvof52RXOvnmJtaV16s0GY1NV/uP/7PPsmRpifWM9nqNIPG7dpHpKmyYN3/eTlXtRPOQylfLZWGvyz/+Hf8vqTTMtXDmKyalRfulXPsGTn3qMfD5HFEWUy2Wmp6fJ5XJ/a6e+//pbVQB7NRoN5ufnWV1bNWPOw4jXXpzhG//+eS6cuU7QCnETjOr9+HD7+9v/bffHW/6vdjTH7z/IL/2Dj5HP57nw9iyXLsxy/eo8odPmH//GZxmsFuIpJzHz2TVzghG9JQ92o7qZsG6sQqet+ON/9Q1effkNxieH+cwvPcEnf/5DVKsDhGFEOp1mYmKCoaGhv/VT33/9VBQATL68sbHBwsICW1tbOK405IhXLvLU11/mnVev0GkGxE1W7Obv4W4nfjfIp5duFgZylKpFFudWaLSblIcLfO4LH+UjH7+f2naDmzdW2dqoUa5mGBjKEYWGzOGnUnieZ5ZVhoHB//uCPt/3+wZoS25cXmN5fZknP/kYw8MVtDa9l8PDw4yOjpJKpfhpXz81BbBXGISsb6yzsLBArVZDSkGn0+XSzBxPf/t13nr5EquLmwhlRq0Ad8QKsFPQYhf74KUctNC02h2K5Ry/+CtPUCiWeeOl88xcuMLm5haHT+7lH/zqp5jaN8zGxgbtdicZcG3x//4xLVYB7CxE2w4vpUM2m6FQKJJO+4RhhOd5VKtVxsbGyOVyP81bvuP6qSuAvcIwZH1tnVuLt6jVtpMZ+DfnVnjjtQu8+sx5rszM026YNetuXwegufSuph/M1JDhPRUe+fBJLl+Y59KF6/hph3/4m5/l2LGDnD97nXfOXGbmwlXqzTof//TDfOrnH8N1YXNz02zujmlftqbvOmabeUL0cBzyuRyFQpFMNtPbuJZKJSc+m83+VPz8u10/MwpgrzAM2draYnFxkdXV1bhBQtBudZmfW+KNl2a4eGGW6zMLbG82zIZTet3Kvdt7mxVwNJ/4wiN89MmHOffmNV598R3mFuf5uc89ysc+/hArS2usr7S4dukWZ89exM/B5//ekxy5Z5r1zXW6na4J9pTt9XPw/RR+yiedTpNOpZDSwXUNkbNYLDI8PMzQ0BDpdPpnTvD2+plTAHsppWg0GqytrnFr8RaNet2UXF1Jo9FmdXmDa1dvMnNmltkbt9jeaNDYbNFum2kjsjdDu9cr7Go+/fcf5zO/+GFuza1x8fwcFy5cYe/+MT78sXtpd1royGF7o8u1y7e4dPEK+w6P8dEnH0bRpdvpGGGn0/i+j3Qc/HjMvee6pNMZKoMVxsbGKBaLd8zk+1m8fmYVoP+KooitrS3W1tZYWV5hc3MTpSLCeEhCp9tldXmT9ZUt1ta3WFnZYH1pi83VGlvrdRrdNpGKINKEhHzys4/wi7/0cdbW1tje6LC+Wmd4PEc66yapnOukaNZClpfXGBkrM71/gijeaShjVo/n+aTTKYaGhhgcHKQyOPgzfdp3u/5OKED/FQQBrVaLlZUV1tfW2N6usbW1RbfbSbh4ZjlFRBCEhEFAEIS0O126nYBWy9Cz9u3fQzrj0Wl3DHjj9DF6LC3b6fXf2V1KhUKBcrlMuVxieGQkOel/G7Dt38T1d04B+i+7c6jVatFsNtnY2GB9bZ1abdtM7QwDw8eLh0GBXWEfJvOObN6ejLVzJK7jmopdJks2l6VUKjNQGaBYLJLNZEhnMj/V3P2DvP5OK8Bul+2Z73Q6NJtN2u02rWaLTqeTDFZI9u3F8w7tLl3XdUmnDQsnl82RzWV7q1z/A73+/z+mT3lH6vCxAAAAAElFTkSuQmCC', 'ES', 1, 'TWP');
INSERT INTO `teams` (`TEAM_ID`, `TEAM_NAME`, `TEAM_LOGO`, `TEAM_COUNTRY`, `USER_ID`, `TEAM_SHORTNAME`) VALUES
(11, 'Unique Quadrome', 'iVBORw0KGgoAAAANSUhEUgAAAIAAAACACAYAAADDPmHLAAAAIGNIUk0AAHomAACAhAAA+gAAAIDoAAB1MAAA6mAAADqYAAAXcJy6UTwAAAAGYktHRAD/AP8A/6C9p5MAAAAJcEhZcwAACxMAAAsTAQCanBgAAAAHdElNRQflAwMLHzFPmRTqAABTwUlEQVR42uW9d5hlaVXv/3n3PvvkUDlXdc5hume6ewITmEQOIgIqcBVUFFEviqBX7/15r1flKqIiCqKiXgFRuSZyhmFmeno659zVVV25Ts47v78/9j6nTnVVz3RDTzOD63n6gamqs8/ee33f913hu9YSvMAlk1Yb/zcIrADuAR4VgrsVRQ5LKbRqVWHsSpCDh6M8fTDG2XNhMlkV2wZFEQQC0NNtsWWTzl27q+zcUWN4yCQacUFiuFJclpIngK8BTwNTgN3V7Xy/H/97FvH9voHvRlqUHgbWAPfhKX23osgBKYVaKitcGg1x4FCM/QdjnL8YIl9QsB2JFlBob0sRiUSYm5/HdV2kBNcVqKqks8Nm43qdO3dXuWNnjVUrTGIxFyGk5bpiQkqewgPDXmAcMAFeiIB4wQCgRekxYAPwAPCIENyuKLLHdYVSKKicvxjm6YNRDh6OcWk0RKms4DgumqbS0dHGmtWr2LZlCxs2rEdRFP78o3/J6OXLKIrS/K4GGBRF0pZyWLfWYM+uKrtvr7J2tUEy6SKEdFxXTEvJATwwPA5cAnR44YDheQ2AFqUngS3Ag8DDisJtQsgOxxEimwtw5lyYpw/EOHQkyth4kEpNAekpMBQKsn3bFm7fsYMN69fR09ONpgVwXYlhmPz5X3yMp/cfRFXVZe+hAQYhJImEy5pVBrtvr7JnV43163Ta2xwURbquK9JScgj4OvAYcA6owvMbDM87APhKF0A7cBvwEPCQorBFCJmybEE6rXHydJh9B2IcORplYipIva4ghEQIEP5TuVLy0kce5s0/9kaCwSDFYolLo6PMzM7x4vvvJRAI8JG/+Cv27T9wTQC0SgMMCIhFHVaOmNyxs8adu6ts2qDT1WmjqlJKKXKuy3HgG8A3gdNAEZ5/YAh8v28AmkpXgG7gduAR4AFFYaMQMmaaCpNTGsdPRth3IMaxExGmZzQMw1O6ooCqyiXXVRWFDevXEYlEOHHiJH//qU8zNT1DT3c3L7r7LgKahryB+xRi4XvqdYXTZ8OcOhPhM//WztCgyc7b6ty1uyK2btY7e7qtBzVNPiilKLoup4BvAd/IpNXjQA6QzwcwfN8A4CtdBfqB3XhG3H1CsFYIGdZ1hcmpIEePe0o/cSrC3LyGZYlnVHqrCCFQVQUBZHN5xq9MIKX0zvvvce9b2Gkkpim4eCnEhYth/uPzKfr7LG7bVueu3VW2b6unBvqse4JB9x4pxbtdl7N4R8TXM2n1MJAG3O8XGG4ZAFrO8wAwAtyFp/R7FEWuBILVmsqVK0EOHY3y9IEYp8+GyWQD2Pb1K/1aIoRAURQcZ/kXraoqtm0vAOQGxfuIxLYF41eCjI2H+MKXk/T2WGzb4nkUO2+rx4YGzTsiYfcOKcXPS8lFKXkc+FomrR4AZgDnVoLhOQVAi9JDwCrgRXhKv1NR5JCUIlCpKIyOhZo++rnzYXJ5tWmFt267z6U8/OCL6enuYv/BQ5y/cBEA13URQiDEjW0XDTCEgmFK5Thf/lqVr30zSVenzeaNvnu5oxZeMWJujUWdrQh+ynXFuJQ8iQeGfcAVwIbn1m646QBoUXoEWAfcj+eu7VYU2ee6QimWVC5cCnHgYIz9h6JcHA1RLKnIW6z0hkhgcHCAV77sJXR0dHDh4iUSiTgb1q/jysQk6XTGjxXI6waD47ps3LiB1//Qazh5+gyf/+KXmE/XmJtP8NgTcdrbHDas19lzR5Xdd9SCq1cZ6xJxd50Q8i2uKyal5Gk89/LJTFod5TmKNdwUALQoPQ5sAl4MPKIIdgpFdjmOELm8ytlzYZ4+GOPg4SiXx0NUKgrSd9cUAXyXSr8RxVz7Gq634hWBlJJUMslP/pe3YOgGf/bRj3Hx0ijxeAzXcanrevM7r/m9UqJpGqtXr6Kzs5PHvvME5XKVhrORL6js3RfnqadjpJIOa1cb7L6jxp5d1cC6tcbKVNJZqSjyDa4rZv1Yw9eB72TS6gWgDjcHDN81AFqU3gZsY8Fd2yaEbLNtIeYyAU6diTTdtfGJILWaZ4Ap/pnODdnhzXeLlC4A4XCYcDhMpVLBdd3r+KxEXuM75VXfoSgKnZ0dRCIRIpEIP/P2t5FMJjh77jxnzp7jysQEpVL5GQAocV0X1/UV1fInrbtcqaxy8EiMQ0ejfPIfO1i50mTXzip37q4qG9cbAx3t9mtVVb5GuiLjSg7juZffzqTVM0AFvnsw3BAAWnz0TmAn8DDwYkVhsxAyYVmC6RmNE6ci7Nsf4+iJKFPTGrqufM9GXENcVxKNhhno72fTpo1s27KZeDzGX/713zI2fuVZDbhUKkU8Frs+3EkfMFISDodYtXIFvb09rFu7hle8/KXMzc1x7PhJvvSVr5LPF5r3d6ObUSsYqjWFE6cinDgZ4Z/+pYORIZOdO2rctbsqtmyqd3d32S8NBORLpBQFP9bwTeCbmbR6EijAjYHhWQHQ4qP3ArvwjLj7hWCdEDJqGApTMxrHjkd4an+cE6cizM4FMM3vXemNl48QKEKgaRr333sP99x9FyPDQ4RCoab13tbWhhy78ozXc12Xe+7awyMPP0QkEvaW+XWK47iUy2Xi8Rif+Zd/Ix6P88D99/LaV72CcrnMf3zuC3S0t7Ny5QjlcpXp6env6pmFAFV492UYgnMXQpw9H+bf/qONgQGLHdtq3LWnKrZvrbf39tgPBIPuA1KKX3VdTrMQazgKZLmOWMOyAPCVHgAGgTt9pb9IEXI1glCtrjAxGeTw0Sj79sc4fTbCfHp5d+1Gz2fpK0UIQSQSYd3a1fT19fH440+yfv063vLjP4rjODz+5F7Gr0zw+h96Lclk4jqvDYqiMjw0iOu6mKZFUNOeFQhCCMrlMn/7iU8xPDTI4SPHyOfz9HR30/dADx3t7aiqyute+2oeevABdN1gemaGer2++Nmld/jcyPtoHJOWLbg8FmT0cojPfzlFb4/N9i117tpTZcf2WmJgwLozHHLvlFL8kpScl5Lv4HkUh4A5rhFrCLQoHJ4lpXp5PMihI1H2HYhx9nyYXC6A4yxvuUspCQQCJBJxyuXKNf3vq190e3sbUkqy2Ry3bd/Gz/3M28nmcuzbt5+O9nbC4TDnz1/gH/7xM0QiYV7zqldcL7QQAvbu20ciEecVL3sJqqryyMMPcnF0FOleGwRSStpSKX7o1a8CAfFYjHPnL6AFvUiiBDRNY2hoEE3TcByH4aFBIpGIb3OARJJIxInFYuSyOUzLumEXswEGxxFMTmlMTAb5yjeSdHfZbNlUb6SyoyND5o5o1N2B5GddKS757uVXM2l1P14q2wHvqAhk0moEWM1yKdWSwsXWlOqlEMXis/voUkpWrhjhNa9+JfFYjI9+7K/JFwpLHtZ1XTRNa57br3nVK7j7rj18+atf50tf/irhUIhQKIR0F8y2xpHQ0dHO2jWricdi/mo2r3n2SryV39vbw+pVq+jp7kZRFFxXsmb1KjZv3IjbsvM07q31eeKJOBs3rCMej7Nty2Ysy/avsdjwFELw+JN7+fZjj/Pi++/j4YdejPCvt27NGv7LW9/M6OhlvvaNb5JOZ6jWaui6/l3HGqSEufkAM7NJvvWdBB3tNhvXG9y5u8qundXQypXm5njM3SyE/Ek/1tBMZWfS6kQA+CywVVW9lGq+oHL+gueuHTgUZXQsRLklpRoIKM+6ml3XZdXKldz/onuYmJxqWr+NM11RFEKhIDtu286e3bs4cvQYBw8d4Y6dOxgeGiIQCDRXzdWqlFIy0N/Pr73nl0kkEuQLBfY9vZ/LY2PXNABd12XTpg38xvt+le7uLhRFoVQq8eTefcyl000lAKxbs4a3vvlHKRSKSxJEUkqq1Sqf+vQ/E4tFefjBFxOPxxYDAMjnC5w5e4729nYefPH9C0pTFbq7Ounr7WHHbduoVKtkMln2PvU0jz3+RDMSKQHlBnaH1oWYzQV4fK/Gk/tipFIO69YY3Lmryu47atqa1fraVNJdK5A/7rhiCvhWAHjEtgVP7Y/xxN44h45GGb8SpFpVmkgLh4PsvG0727dvZe9TT3Pi5KlntLaFEFSqVZ56ej8HDh2mWq0BngW++46drFy5gr7eXlavWkk8HmN09DJIieN6vvizWehSupw4dYrjJ06SzmRJxONEIlF03Vjy0qT0kkKpZJJiscSRo8c4dfoMZ86eZ3JqCsdxCGoaM7OzjAwPsWb1ah59+KFm6Ng0rcVgkpKLo6OMjV1hZHiIwcGBZZ9fURQU5SoF+l5FrVbj6LET9PX1smnjBoYGB7l46RKKorBn9y7GxscZvTxGLpfHsu3vGgzFosp+fyEn4i6rVxnsvr3GfS8qq9u31UcUwcMBIaBQVPnAH/dx/lIIgUsopNHeHmme3R0d7bz1zT9GR0c7J06ebhpq1xJFUTh2/ARnzp4jGo3gui7xeJy3/8Rb2b3rdmzbJpvLIaXEcdxnvd6iawvB1PQMn/r0PxHUgrzr53+W1atW8uE//wtyudyiF+U4DgcPH8Y0Tc6eP8/5CxeZn0+j6yZSCkIhAEG1ZlIbn+TDH/kYXV2ddHV2Mjw0yH33vojOzg7vaJHe36qKQmdHB7Ozc99FBMMTwzD4zL/+G7FolF97768QCgWJRqNsWL+OH/6h12CaJrl8nkujlzl9+iwnT51mbn7eA+ANhKdbwVCpKhw9HuXw0SjHTkb48B9OEI26SkAIcF2wbC84s+O2rTz6yEPUajU+/rd/j+M4zS90HOeaFnPrjbmuy/DQIG96w+vRNI0/+tCfsWbVSnbu2E61VuPvP/EPXLx0iXe98x2sW7v2xt6eEP5RAqm2FMODg4Q9TS5RiBCCvU89zd6n9mNZDiCIRGDtapvbtte4c1cN0xLs2+9lG2dmYXx8mvHxKY4dP8HefftZMTLM7Nw8tmUzMzvL+nVrecdPv40rVybo7upaFrzPDmhPeYZpIqC5myqKgpQSXddxbIddt9/OXXt2MzZ+hT/9s49SKBYZHhpkfj5NsVR69mjksmAQWJZoqFEJeDcskNKD+R07d3DPXXs4fOTYM16wcZ7LRshz1Up23XE7pmny2c9/kf7+PrZv28rklOcPR2MxAoEA8/Npjp04gWlauO6NrqGFMO0bXv86Nm/aSHt7G9MzM2QyGZSWFyEluFKAhGjUZd0ai9u9gApbNtfp7bEJBLzvf+0rC8zM+nyDlgBWOp1nfj5LIOC95L/6m7/jjp07WDEyQnd3F21tKRRlQQENAzUYDCKlfMbnU4Qgl8vx2c9/ic2bNmCapg8CwZWJST7213/jGY1v+TFGhofo6+tFSsk7f/anMQyTb3zr21y4cJFSqUy5UsG27es+JrxI6iIA+D8QPOu2LH04pZJJVq1aSXt7GxvWrWPnjttoa0sxOTnF177xLaQr/fNcLvm8EMqz3KzEddxlXTMhBP39fTza8SAzM7N88UtfYe++/czOzQMCx/FiEfGY2xpSbTJ2FOHF4Q8cjnLocBQtKNl9e401qwxe9fIiL39Jibl5L4T99IEYh5shbMH4+BRXrkyiBVSCoRBbt2zi7jv3kMvlsCyL2bk5tm/byp27d1EsFonH48+AZUG1WuOzn/8CX/vGN7Asm507bgO8aGIul+eMdY66rhOLxZrvKxwKMdDfz0+85c0Yhk6xVGL8ygRf/NJXuHhp1P/8wm683HuWsrlbisUAuD78EA6FePtP/hd23LYNVVWpVKvU9ToJJ+5tS9d7qWtIJBJh29bN7Lhtu/cQioIiBJNT0xw4dJjJiUlOnj7jx+IrOA6oqiCVdFiz2mCPl1Rh/TqD9jYbKSGbDfDE3viSZBTgJWPW+MmYO7zPPfJgiYdfXKLBOdx/IMbBI55XVKlIrKrO0/sPcfjIMTQtgJSSr3ztG/T29LB27Rre8uM/ipTyWalmiqJgGKantAVseIakqiCuepsSsG2bJ57ci6IobN+2hXvvuZuAqvKhP/soA/19bNq4kSsTE0xNTVOpVnFcd8GQFAs7I1fvANelOOmRJ7q7uwiFQjz+5F7+47NfYPu2Lbz1zT/2PSle4O1Ajz7yEK96xcsIBAKUSiXGxsawHYeLly7xoQ9/BNOycRxJQBV0tLtsWKd7rN07aj5r18FxBHPzAb7+zST7/JV8ZXK5ZJSfjDnskUo/+emWZMyuGps21rn37gr331Mh77OO9x/yLOsLl0IUiy6WZaIogomJST70Zx9leGiQrs5O1qxZzV137l6wTQQ8U6LgRg7Eg4ePcODgIX7irW/m1a98OclkElVV2b3rDt74Iz9MrVZjdm6e8+cvcOqM5/VUKhVAIF3wl+l3sQP4NKhGNu7ixVFGL19m48b1133zjS2q9cx2pcSVEkXxjMjvPLGXEydPkcvnmZmZRdcNj5CJQ2+3w6YNOnftafD2DeJxF9P0klGPPRFn34EYR49HmZ559mTUtZMxLsNDJrfftmA77PJJoKWyyuhoiAMtRJZ8QaVYrFIsnkUIyVNP7+fbj32HwcEBqtUajuPi2F4AaTkYNH52PbpoBKEsy1r0+UDAi+5XqlUsy+K+e+/hoQcf4ODhI3z8b/4v5Urdu/7yRuCNi6KI66ZQSemFQx956MX09vTQ19/n2QlCYBgGX//mtzh46DBHjx1nYnIK03JACoJB6O+z2bpZ567dFW7fUWdk2CQScdF1wcRkkCPHo01rfm7++pJRy+Uprk7GnL8Q4tz5MP/62TYG+y1u217nrt0Vtm+ts3lTnZ07arz5TTnGxj0q274DMU6fiZDJBjBMh0uXrzA6No4iBBcuXuTP/+KvWDEytGzMwtsdRNOwdB33mqnrhsqX21AUReHy5XH+8uN/w9bNm3nHz7ydbVs209XVSak80WoDKN+FDfDdSSNkmkomedMbXo/jOIsMTdd1+fZjT+C6EikF4TCsWmFz29ZGwqPO4IBJKCSpVhVGL7dyByOkM9fHHWx8p6qqhENBLNvGsuxrJq1auX6Xx4OMjoX4/JdSPtfPu7ed22usXmWyZbPOG15XYGJK4+ix6AKZdS6AaSmUK3We3n+QAwcPLWugFUslXMdhxcgwb/svb2Fyaoqgpt1QnKQhakDFMEwmpqawLRtVVVB8e0Qu2ADeEeA+xwBQhGBiYoKLly4Ri8a4eGmUcxcu8PKXPMrIyHDz7zQNRoYsj169p8q2LXX6+ywCAUm5rHL6bIQDh6PsPxDj7IUw+bx6zWTUchJQVWLxGJ0dbXR2pEgkYpiGSTZXZD6TpVAo+R4Q11hZHhhcF6amNSangstx/Vi5wmD92jw/9OoC0zMax05E2HcgzrETEaamF9PZGyKE4MCBQwwNDrBj+3buv+9FzbiA4zg3ZFi7rsuG9ev4hXf+LPPptBdal625jVuwAyxi4frRuw/+yZ+hKgrFUolgMMiDD9zvrQS8got1aww++P5JhofMprt26Ei0aXRdvORxB2+EMKooAk0L0N3dwYqRYZKJOIGA4qVmpSQaCdPeniKRCDMxKTAtB103MQwL23ae4boeGKSE+XSA2bkE3348Tke7w/p1OnfuqrLrds8ofc0ri7zyZSVm5wKcOu0xpA4fizIxEaRWV0BIFCHIFwr830/8A5/v/DKrV61i86aNrF+7hlgsRrVWA8ESr+BaotfrtLe3sXnzRiKRMPW6vhgArTuAlOK7Dms2FY7PwVc8Hz+Xz/O5L3yJY8dPUK1WAUE+X24iX1EUVN8YclwXCYTDLkLAk095RtzBI1Eujy3mDl6f0hWCmko4HCQSDaFpKtFoGIFLpVJqRt8UVUX1jalSuUwwpBEKB0kkIlimTb2uoxsWpun4R9a1wL5wT7n8Nbl+rF9n8OjDJR55qEQmG+DM2UizjvHyuJd/sSyXubk0s7PzPL3/AMlkgkQ8zuzcPB3t7VRrVRKJxDPGURRFYXRsnL/6+N/R093FunVrSSWT5LJeqHxpIMjlGY1A2WI2LlJ5Sx2WruucPHWGQ4ePYJgGZ8+d59Tpc567FhCkUg4b/Fq6bz6WQErJ6bPnePrAQQ4dOkJAFYxeDvGL7xlmajpI9Qa5g6qqEAwGCAUDBIMBNM37hxCoiko0GvWJn97Kd2wH27GxbRtXSsLhMKoaoFqr+vaAJBIJEokEcRwXy3IwTBvTtLEs55rn8jNy/VaY7Lp9wb2870Vl7r+3TL4Q4NyFBZb0JZ8l7TiCQqFEoVBEURRyuRwf/sjHWL92DXNzc36yqSXxtIh7IilXKiiKwtBgnbNnz1GtVhGN478BAOFvY1e/Xy+U6aKqqs94CbSgzgsbF4tFSsUSiqJy6MhRDh4+QrVaRyIIqNDVZbNpvc6eXTV23V5l/VqDo8cjPPZ4Al03+KfP/AuWT4xQFEGxpFIoqogbqPoJBlVCIY2gFvC2dkAoAlUNNPMGHR0d9PX0UKvXKJVKhEMhYtEogUAARVURQkFRFGzbplwpMz09jd2iYFVVCARU4okoriuxLJt63aReN7Atp8kleCYwVGsKJ05HOHEqwj/9P5fhYc+9vHN3la2b6+y5vcbde6qUSqrHwfBtnXMXPPfScQRSuoyPX2Hc5z4qisKhw0c8jiNeBLFWqwOSgf4+7ty9C8e2eeubf4xqrcoH//hPGRuf8m2ARhxALGMESkk8FuOhFz/Apo3rvS0klSCfL5JOZ7Btm//43BeYn88wNT2DEArlch1Nkwz024saLawcMYlGPXdtcjrI0wdjeEerZ9y0upCthZ1LdyBva9P8rT0UCqCqCqpytRvnKV9RFMLhMKFgiEQ8Rq1WbUbR6lKSzmYJakGisSjRSJRYLIamacSjUX+bXPAKvGuq/v8KVDVIUFOJRTVvZ2geExLLz+lf7aItci/NZdzLbZ7hu31rjW1b6tyxs8Zb3pTj8niIQ0cWKqWyOc/bcV0vZnL+wkUuXLxEKBTCtm0OHT7M+vVr2bRhPb/wzndQr9eJRiO+LaTh2S1LkkEtABACV0pWrlzB6tWrkFKSyXqkhSf27mNs/AqO4/LUvoNNd21k2GL7Vo+SdNv2OkMDJuGw565dHg9y2KeRnT7r+cfXwd5uKj0Y1Egk4iQSMVzXokHtcp2l27AQAjXg7VRdnV30dHf7BqZDJpslFAoxODCAlJJOx8sOeseMQiP/UK/XfXbRVcpvAarrOL5xC6GQRkd7ira2NjQtRLFUIZ3JUSiUMHQD90bcyy+3uJe7q+y8zTMit22p86bX57kyEeTIMc+IPHm6USvpeRReXAFmZuf4yEf/koGBAdavX8vmjRtZuWIEx3HQDcPfFZczAv13Wa/XMS2LTCbDhQuXOHHyFBcuXSKTyWGatk/WlAwNWOy4zbvRq921M+ee2V27ttK9lRIMaiSTcbo62+nq6vAt9wCGYZDJZslk0s1o4nLK1zSNjo52FEUgXRdFUWhLpZhPp1EUhXgsTigUbq50T/keoLRgkEAg0ATBNZUPxKIxuru6SCYSaFoQRfXqCFaMDFKr1clm86QzOTJZ7921El6XA8P1uJcb1uu87jUFpqaDHPOzl8dORJiZbbiXoBsml0ZHuTQ6yte/8S06OzoIh8PMz6dRWgAgFhmB/s1841vf5uzZc0zPzJLN5ZtKj8cl69eazZTqpo06nZ02AVVSLH537lrr1h4MagQ1laHBfrq7OojGIgS1oBfy9P8uFAzS19NNIhZldn6ecrm8RPne80gcy8aSEsuyUBSFQCBAT3c3tuPiSBejViMciaD4O0QzQOSfrcA1lR8IBOjq7KKrs8PbVv2EVSNdrSgKsWiYWLSPeDxMNKoRDkUoV2rk8iVqNS8svJxcj3u5+3avOcVrX2nw8keLzKc1Tp0O89SBGEePNfolqAghsW2Hufn5RUWvC7u9zwr2bADPqk+ns8zOZlAUQSop2bblmh0xTCCczQb4rd8d4MDhKNXq9blrHj1bEItFaW9L0NXZTlsqQa1ex7YtYrEIEpiamSEWi5JMJFGEwPErbOLxOCvDYebTaTLZbNP1bIhhGlyZnEC6LoZpEgoG6e3pob29g4iqegau41IulYjHokuPEUXxALWM8qORCAP9/QupXiFQFNW3ussUi941E/E4xVKJWr3OqhUjhMIhhFAwTZt0Osvo2Di1mn7dHkWre9nR7vB7/2uKe++uoCiUB/ota3DAbH/4wbLIZr3s5b4Dnvcx3uyYojS/p/XIbx4Btu39sL3dZf1az3LffXuVNasNkolmT5xZKTnoOOLLQEIIfjcUllq1qlAuqz7B4trWuxCCQEAlHNaIx6OsXb2SZCLeVF4sFiWbyzEzN0csFqdcKeNKl0qlQiqZJBqJNHcOVVXp7+8nEo0yOzfX3JYdx8F1HKrVKsFgkM7OTtpTKUKhMK6USP/vgsEg5XIZXfWMxYV7VAhoGqIlydJQfjKZZGhgwGMqS+mlqRUV0zRJZ9JYto1pGNRrVUzTxLIseru7CQQCPgdCIRwOogUVkskIkXAAy7IxTc+QtGznmiSSBhgax2RXp91w3f/RdfkYiAeBh7u67J0P9JS773tRRSkUVM5dDLP/YJQDh2KMXg5RKDY8CuEDQEIo6HL/iypN63PlCpNY1EUIabuumHBd9oH4OvAkcBmvUnWzlPxKNOL2bdqos/9Q7Bo3LggGA4TDQdrbkgRDGoah4zoOpVKRRAurVghBd3c36UyW2blZEvE4g/0DVKsVCsUihmHQlko14+iKotLZ0YkiFKZnZzBNE9ensHW0t9PZ2QEIytUqc+m0l20Ugmg0iuu66PU6kUh4kdWv+MGsJcpPJBgeHGyyfRrK9/iNWSKRCL3xBJVqhbGxMRRVZXhw0FO+ojbvuVypkE6nsW0vPh+LJjBMA8cJ+V6ES71uYprWsseE6woGB036e61Gncle4JD/78+lZK3jiPuAR9ranN1376n037W7qpbKWS6Nhnj6YIyJyWATTAHHFaxaafI7/9804bCLlMKQksuuy14QXwP2AZO01Kr7hSQTwKiiyL5NG3Q0TS6x7iMRL6oWDntneTIZZ6Cvn0w2QyaTIZvLoWkavT092I5DrV4nGAzSlkpRrVa8oI3rEItGCYdC1Gq1hVoCVQW81HEsFicSjlAueZ9xpcQ0s6Qzed8ta2Qt/eCVhN6eHlLJJBF/9XvEE3WRP9xQfiQcZnBgYInyG7tRZ0eHl4ZtGHmKQkd7O47/TJoWJBaLUa/XmZyaxDBN4rEY3Z1dSOlyZXISRVUJhlQiCC8SaTlUK3VK5dqSCOT6NV76W0oKwImGXoB6Jq2e8H/211Ky0nHEPcCjibh71+07asM7b6trui4IBHwAAKiqrKsq5x1HPI5XhnwAmOWZW5eUgWNSinvWrjZIJhzyBXWRlR8IeCHYhlQqFWq1Gn09PSTjcbK5HPlCASk9/1k3DDRNQyAwLXOR0aWqKrFYDMMwKVfqVKo1yuUqtVqduq5j6AamZfnn2/Jlad4qhGy2zNR0hlgsSioZpy2VIJlKEgpozT4Aruvi+nGK3t5ewuHwEuWDVxHkOg7S90r0uo7rusyn0/73KTiuQ3tbG6VSCQUYGRoilUwihGDsilfPqPqAbh6VqmgGtlpFVSWbNuqoqsRxxDgw1vr7Fn2ZmbR6HjgPfFJKhhxH3Ak8EgzKe/EadoQCwO8ATwCHgQw31rzokJTI/j5LDPRbZPOBZrADaBo4DSWYpsnU9BTq0BCxWIxIJIJhmuTzBcqVCv19fbS3taPrdUqlEvlCgWwuTyCgkcsXKRRKVCo1dMPEth1cP8Ml/KCLEAqK8CKB/qv0gbBAOMGV2I6LYVjk8iUmBWhagHg8RndXJ11dbc2jREpJPB4nmUj4z7F45RuGgZQuWiDg1xCYlMolotEo7e3tJJMpBHB57DKFQoGe7m7isVizoHV6ZoZKpbLIgwFwbNurdrLsRatfSojHPRvNl5NA/lrKadGjDYxl0uoY8BmgD68v030B4H9c9cfPKi3HwAkpKcbjTtu6NTonTkUW/Z1l2di2V1Fk2zau41Cv1xkbH6e3p4e29naikSiRSBQXiWlangWuqghUajWLyakL2JaD5cfsFSEIqAqJaJB4WCMW0oiFNVRVYkmdRDDpvy1AyGbqU0pf8ZZDzbSpGzY1w0Y3bUzbIZcrkssXuTzmuaORqEY4pNHelmquzkY+3XEc5tPzXkkX+LGFGOVKhfb2djo6OpvMnGqt5lUz9fWRSCRwXc+onZuf92L1foTxauVLiU9lXwyAvh6LoQHLZ0dxCLiOsNoiQLjAdCat/gfw2cD32GXiMnAlEJBtmzbqKJ9ffFg1KnBVxcvFa+Gw54tKSa5QQDdNkskksWiMtmSKy+NXyGWLZHNFypWql4HD4xPEwhodiQh97VE6ExFiIQ3bdSFQZS7rUrOq6G6VUs6lt8fGcSFgd9IWCxIJaYQ1FVURKMK7L9txMCyHqmFRqBhkSjrZsk5Ft6laFnXdJBYNYVnuIuUD5PI5FCHo6ujwaFl+oYvjup4dwQJtPpNJEwqFCIZClMsehbtarfr1jR2eom3L8xpMs0mccV13STpaSsHqVQaplIOUVIGjN7p4rwKD/F5bxOSAU8D29esMYjGXalVp2gFSgmnarBwZJJVKeRYxeIETIbBth0KxyHw6jWnaTE7OY1l28+IBVaE7FWWkO8FgZ5xoSMOwHOYLNS7NFugZyPHqV8zyt5/ooq6rlEoqqwYtHrjHZuO2Kb7y70kUM4GQDqZRpebvQm4z8iXRhKAnBl3REEZXgLmiyUTOoKw7lCs6x0+cZ3CwxKqVQ8TjMSzLolIu09XVRdo/54PBIN3d3QSDQXTDIJvL0dXZSSbjGbuhYJBLo6OEQyE6Ozro7u4mENCaK99xHOr1GlPT01QqFf/duDjO1aFuyaYNOsGgi+OIaeDi96i/77lHkAMccl3xY8ODJj3dNqOV4AIAANPwsn1h33cGr1JXAoVituli1Wv6IppUT1uUzcOdDHTEkMBsrsrxsQyz+RpKQGfdWoPtt9VJxQOsGtQ4N+r5x1XDpFCGXEGhc3ACvTLPlXNtaKhNft3VNfuNew0FBCOdIboTGpN5g6m8Sd0wuDQ6znw6w+pVIwQ1hXA45Bl9isJgfz/z6TQTk1OEw2GGBgeZnZulUinj2DZdnZ0+I8czdNOZDAPBEKFQeFH0MaCqi8LbDZpaq0TCko0bmuf/WWD++waAFjvgqJTU2tqc6OqVBpdGQzQJZ4Bp2X7GEDraO70gixC4roNhmnR3dREJhTBNi8mpeXL5Iooi2DjUwareJJOZCifGM8wXPHcoEdV44F6dRx8u8n8/1cmRoy7nL0K+6L24QklQN1y+8p0udt9u8oqXTvHFQgSz0O7FwV0X128I1VrabVouhiOJaAqRoMK6ngi9ySDjGZ3ZkkWpXOXEyXPEYxE2blhNvlDAsiyPIt/VTblaRTd0KtUq8ViMXD7PypERPwi0UDl0ZWoKy14IMknXoVrzVn+9Xm/+/Orz33Whs9NmxbDZCOIcxu8c9r3IjXdEXCoXgJlQ0GXTBh0hrrYDvKbM0zOzTE5PUal4BacBNUAykSCfy+E4DpoWoK3NM+BURSESDDCVrfDE6SmmcxWEgO5UhJUDGqDy1W9EMUyH0+eD5Ise/wA8e2FyWqFQVMjm4dOf6SAStwlGVI/T4Mfsr5ag5nkQs0XTW/mWSyqismUwxtbBKG1RbxWXyjWOHj/L5bEpLNPCcV0KpRKdHR2sHFlBpVJGURSikUgTYI2SsbphoKoq8Vgcx3GoVitMz8xyeWzM5+z7IgT2VUEgKQUrRky6Om1cF9MHwPfcKexmtImbw+uMvWbjBp1QSGJZrTV6XnQrIgSlcplqterl6UNhkC6FQgFFUejp7iagqkgJkWCAkKZy8OIcVcNCEV7+O1+t8fBL8xSLAS5cDLN5Y51aVWPTYA9IuDBVYduKTmaKeWLtGRThMn4lxOaH8tQiFS4d7SekLZ+OFEAipBLRFDIVi0vzOvGwQm8yyEBbkPZogPGswWTe8FlBNq4L7R0FVBVSqTZURSUUDFKv14nFYlSqVTpDIRAC0zSZmZ1FCMH07Ax6vU69Xl/M6/ezj5btLstH3LheJxyWuC5pvCPge5abAQADOCKleMXKEZPODpvpWQ2laQh6EcK2VBvhcIhgMOhz3h0cv7lTtVpl2rbJF0oA9LXHsByXTLHeLB5xfbdOEZJ6He7cXeOBe8vMzSboDsQoVR02DGqowqEzobByg8GunTX+7XNtjE5CV0KgBVQ8J0QuX9ULqIqgLxUkFQkwmTc4NVWjO6kxkAqyoS9CZzzAhXmdYs2mXKlx4uQ5Vq4YxDAMbMtC0zQ6OzuRrmQ+PU8qlUI3DPL5PJFIhFAwhAAioRBtqRS2bWMYBrpheA0iALNmLskJBBftsOIiXquX7y8AWuyAw66L1dVlaSPDJlPTwUVNHwUKA/0DnvEkvQhbqziOw/jEJPlC0Ut6KIJ8RcdsWQUhTWXNiODSxSTpnMuL7qqSzQVwpcnXjkzREQ+zoifJgYsZVM2ibUilXFFZs8rg8SfauX1TmO7eGNhhXNfBtEyvDNuxlzyXlBDRFNb2RCjUbMYyOvMli5GOED1JjXhY5XJaZzJvousG585fJpmMsXXzOtrbvFxFtVajUq1yZXLSK2jt6ycaiSBddxFFu7FIpATTtimXyxSLlxcF0KSEtpTDmlVG4/w/ij+L4HuVm2EDgNcPPxMNSzau0xf9QghBXdeb3TUbBSHSz0natkMun2/23AHB5bkiJ8YyzWsEVIWwFmDXHUWUgIUQkljM4ctfS9DZZTI8UiFfK3NsfAZF01m/vkatpnDgcIRw2MVxoWcog5qYR0rfBpDPnLls/KY9FmDbUIzepMaldJ2TUzUcFzb2R9k6GCUe8Y6tYrHKyVMXyWQLvq1QJhqLEfZjH7lc1s9vLDz/QsscFS0YJBaNkkwmca/a/V1XMDhg0dtjISUuXgDo+9sp9CqZAi4JRfZv2rg0MWRZNoVCiWQ8Ci3I1nWdbC5HJBJl1coV5HJlMtk8huWgWwvFELbjUqwZHD2lsn1rnW1bHaZnNM6eD7P79jptSRdtpUkwoCKExcoRk9GxEONXgqxZbbBzRwnblqRnA6hGHsexrqvaxnG9yKOqCEY6QnTEAoxlDY5PVBnuDDGQCtLb5TJZKXHmokahWObYibMMD/USiQRZMTJCQA3gui7lcon5+XkikQgd7e3NSKEQChKo1WuUy2Xm5jNUqtUlrKH1a3ViMRcpyeOFgG+K3CwANBJD965ZbZBKOuTy6qKA0MTEFI5jENS0pl9crlTo6emhva0dgGg0AlkvtH21qSYEGIZKoRAgX1CIx1x0XeHA4ajfd0dBVSEQCFLTFcavaHR12UxMhNB1hVpFQbgOlnXtbmJLAQCWdAlrnpLiIZXN/VHSZYvxrGcHrOkJc992jXXrSnzxawlqNYOLl66wcsWQzzUEkCTicYLBIBMTExQKhWY1r+O66IaBoRtYtkm5tJQtpKqSzQsJoDG8QVXPDwC02AGHpET29dpioN8kk4u2JIYklu0QjUSb1b91XUdRVRLxhSIHTbv27Ujp7QTbt1YpV1RqNUEy6VCpeIrXNBAECAY94mh/v0VQcwiFYPVKk2BAMnnBJXQjL0cVFGoOwYBXyew1t4DelEYqqjKRNTg9VUO347zs5TqDg1n+7lMdVCoK41em0TSNtatHms2igppGPB6n5FdGBQIenSzm07ql6zJ6eQIpy4vO/0TCZd1ao3EuPWMC6JYDoEVOSEkhEXfa1601OH5ygWolhMCybKLRKLFoBNOyUFSVQqHA5NQU0WiESDj8jO3nhICLl0L8xce7WbPKJBq1uffuCtWqxuxEJ+cuWzh2gGjIZeNqk63bS5w+G6aUa4d6hJkxlRABzwu4zgdSBWiqoKw7tEUCLb0KIRRQWNsbIV+1mcyafP4L7fzE23R+/Vdm+dBHekhnAly4OIbj2KwcGaBWr3vp8HqdaDRKNLpgH3iFKhb1uk6tZiy6Bymhr9dicMD0Gjt45/9NK+R79klJ1yHve58CXlTqtaoq++bmNZ58anF7FNd1cRwLXa9hWjahYIiOzk5i0ajH9s1kSKfzGIZ9zS1aCG9Wz/SMRleHJB5V2HcghlEPYjo2hgGxKFwcDVGuClausJgcjZGeDCGkwJUsuFeikUK+dj0CgKYqVA2HgLK0BgEgGlJoiwYoVCUXLkZ42UuK7N5T4ujxGMWyQrFYplgqedVRySQ9PT2EgiEq1QqFQoFcPkculyWbzTI7P08mW1yUAnZdwZ27qrzypUWEoAL8ETB+s+YG3MwdIIe3Pd22fq1OLOpSaUkMec0MHHr7+ohGol6K1SdeRPzY+vj47LN+SeN6R49HuXBeQzdtVFUn1WYjdJVS3aVYhr1PR9n7dBRFuATUit+cQ/iZSUFQVQhpgoimEg0pRIMKEU1FC4iWGAYoAlKRALrlogXURU0chO9MaKpgqCNIpR7gnz85zDvffZHf+o1pfuf3+5mY0sgXyvT0dNPZ1dX0dFKpFIahk8vnyWYynh1g2kv8fyG881/TJI4jprgJCaBWuVluIHh55kOuKxgatOjxXJZFIqUgGo0tbHuug5ReMUYun6ejI7W0ueK1vky6lOsGluOgm1CrCaJRx2sBw8KqloDlSExHYtguVdOlWHNIly0mcyYX5uqcmKhycKzCgbEyJyaqXMkalOoOjt/6PRgQRINK83m0oEs0bvvso4X7TUQVKpkEX/yXFdy+Xed//NoMA30WliW5eGmcmdkMDeq4lBItEKCnq4vVq1fT1dWJYy9tzhWJSDYsuNZn8IZMPb8A0LIdeYmhlMOaVSZXF5yWK1UM3TvjXNfxgyJe5VEkHGbThrUkE7HvqiFCuaKSzQUWhaGXk0abntZ/ErAdSVl3mC6YnJ6ucfBymaNXqoxnDKqGi6p4uwd4q3L1+hJ3PzhLb38Nx5Xkqw5l3UFR4NyJDr795UHu2lPlv/3qLD3dNrphc/rMBfKF4sLz+88ZDoUY6OtH00KLnt11PfbvihET6TYTQBY3UW7mDgBeYmg6uExiSPhtYCrVGki3yaGrVqtUazV6uruJRqOkUsmbfEvXL609nExHki5bnJnxwHBqukambOO4EtNQOXu8nXJR45VvGOPVbxxnzWqdUt1hNO0B5qlv9nPqSCcPPVDmV35xnlTCpVKpcebsRfR6ndaC/EZrPt1YnNyTUrByhUFHh40rMbhJCaBWudkAmMdPUmzwExetYtsuhUIRx3GwLItcLs/E1BRSyuYQR1VV+C42AI/354LjiOa/66lBfCZpgKFmuUxkDY5cqXD0SpWZooluwsnDXXzpX1fQN1jj595zhp/+6WnWrja4OFdnfFby9c8Nk56L8IqXFfnpn8wQDEI6nePy2GTT12800tANr9r46gDQxvU64ZBsvNtzN1lfN8cLgKYn4ACbhBAPKELy9W8lKZVamcIS13WwbC85YrsOqWQSwzB8ulQZwzQxDPO6jgFP6YJwSNLV6TA8ZLJmtcHqlQa9vV4n0GpV8ZtHXv+zNCpnfN6dRzT1Db6q4ZIuWxSqnrdi18JcPt9GV6/O3S+eY9eeIu1tDofPSiYnIkRUjU1bC2zZVCeT1Th1Jky5UsE0dAxzIQk0N58lncktug9Nk/zYG/KsXW0gpTgE/CVg/cEHbl47l5vmBSxJDHXa2ophk8mpILQwcSqVGn29HfT39xOLRpF4PXMTiQThUJi+XkEoGKBSqZHLV6nV9GuUjEMy4fLIQyUevK/MypUmqYRDKOSiKN5OUCiqPLU/xt//QyeXx4LXBQLpt5Z91cuLKAK+82Sc6RnNry1YAEKualOo27RFDYYqYeqfXIVpqNz1wCxveOMsG7cU+e339/P/Pptk/ZYO7rgrw8/9VJrLY0EOHo6SzZWIxSIU6gWPU5gtLepNJCW0tzmsXrCljgK1m6Z5X27aDgDNXUACbwgGSVy4FOLIsejiZkiKwto1K2lLJcFvJROLxelo9wotVcXjDYSCQcqV2qJS7VbRNMm73zXPz/9M2iNKJl1CIYmq4oeEJcmky9bNdVaOmHznyTi6oTwrCKSEN70+z/vePcd9L6pw790VujodPwTdmJCyoKi66ZKpmORKMH25jfaUy9CKKn19FmtWG3zlsQiXRyPcfVeZ3h6LgX6LvfvilMqS4aFBhkeG0AIas7OZ5hQR8Hafjet13vjDeTRNusCfAydu9tzAm20DgJcYutggMGra1XaATbnstS9NZzIIIWhLpfw0sceDUxWFUCh0zTo5KaGj3eHeuyuoKs3z/upTo/Gzjg4b9aq9rnWlXS3tbU7zvletNHnH2zN85E+u8BvvneWOndWGT95csa6EdNlk3zmdP/lIN0/tbUdKuGNnjXf/wizHzyv8xcc7KVdUdt9R40d/JI/rOlwen0SgEAlHsR13mQSQ0UgANci3N12eix3ABG4XQtwpJXztm0l/tHvjhXudLSzHBAS9Pb1LGj5UKhUURWU+nbtmeFhR4P4XVRgaNJtn9dUiBNi24JP/2MlT+2OLq5ZUyZ7dNUxToVJZzGSuVFTuuatKKuXgup6i4zGXbVvqPHh/hfVrDXRdkM0vuJ0eECTpguTQ0QhqAFaOmGzeaOC68Pef7qRcVtl5W40Na3UOHYkxfkWSSsUwDIPJqcVBMFWFN7yuwOZNdaQUp4A/A/Sbef7fdAD8wQdkAwQ9wGuDmhSP740zMxtsHgNCCCzbIpGINosnr+72US574dN8YfEwyKRfGGrbFoahMJfW2LZFp6N9oVW6EPhdyLxmFZ/6pw4+8elOf+q4fw+KgpQBVq3U+dE35Dh2PEpdV5pxgUw2wMRkkHVrDDo7nQVwuIJwxGPm7tlV5dJoiNHLoaZd0Ph8uaLwtD9Yq7/P4sX3VZicDvLvn2tjPq1xz51V2jscvvNEnFLJSwPX6gs5AC8B5PATP56lt9tGSvEVvIoentcAgOYuoAJvCAZl5OTpCKfPRpY0RVyzagWpZLK57S88vCRfKFAolqhW9eYW7bouq1avZuOmTWQyGUzDYHIqyJFjUTRNkoi7KCpYlmA+HeCxJxJ8+KM9/McX2pqdMxoSjSUIR6NMTNi86mVFVq4wOXAotug4uDweZN/+GKWySjTq2Reu6zWyOno8ysf/bxeP7000PYyuThvXEc3/llIwNh7iiX1xAprnzj21P8bJUxEujoZ46AEPFBcveXzBq0vAVq0w+fE35Ruu9F/j1WvedAA8V9PDx4FxVZUdjULGVnEcF9txF0XDGsCoVCrU9LrfwqVMa+JLCMHKVSuJJ+KcPH6C6akpzpyD335/P309Nl1dXng2kw00+wWr6uK2NGpAIxL1+u9XSiG++JUU7333HI89Hufg0Wgz2qcoMD4R5CN/1c2n/18HA30WoZBLqaQyPat5BTD+3z76UIl3vD3DU0/H+dOPdmPb3heqqiSbDfCnH+khEXfQdQVFgSf2xsnlAgwPmajq0qpqKYXfl8FBSo9rAc/NFPHnCgAN1srOBpOl9Zx1XZdCvkhfT+eiD9m2TTafR1VUCHDNgFBXVxd3v+geZqZnOHXyJOn5NBNTGlcmgz5QpN+Q0ivrapVwJIJQFFzXIRgKcvR4BMMQ/MjrChw/FcFxWquJvRvI51WyORWk8K/Nwo4maPZWqNUUNE0uPm78kTyF4kI8RFHgzLmwX0OxVBRlUQJoErj0HOnpOfECoDUxNGDRt0xiqFhaOkwyVygQi8Vob2+nkTRZUIagWCw0x7sZhsH09BTlUsknWboI4aAoLmpAEIvHGRoaWtT9Q1EUgqEISIleq6KqCvlCgPGJIHfvqbByxGyuRiEE7R2dxBMJ1ICKqoCiuChCLjIYwyFJe5uDaQqOnYgsOm4a0Um/IfoiEQIsWyx5LxKIRFw2rGvaBKfxqrafE7npO8BVFUPVVMqJrV5lcP5imNbtvFqtYRim3z9AUPLJEiNDw2SyGdpSiWZvwkbJ2Mz0DAcPHGD3nj0kEgm2bd9OT08PuVwO0/CGNkSjMdo7vArd+bk5ZmcXrOuAFkT1uXiO7bGBbVtQKql0ddls31pv3qfruoRCITZs2ky9XqdaLqPrdYqFApVKozkVvP6H8uzZVeXfP9/GX/9dF35rZFwXUimHlz9a4uTpCCfPhJ9tXoQHABe6u2xGhpvezWH85hwvCAC0yEW8xNC6TRt0vvL1hSSPlxgyqdbqxGJR6rrB3Px8s45O13XaUil2bt/IydMXF4VIL124iKqo3LF7F4lEgkTCmxvc2nFMSsnszCwnjh9vdji1LKtZltZoAOHYNuGwS0+3jap6Pr+3xQvCkQjZbIZoLM7g0DAdHZ3UajVKxaKfzhW8+L4K73h7hseeiPNHf9pLoejVHbgu9PbYvPtd87zipUXm5gN88h87+dwXU+TygWdsl+clgEw62m2klwA6As/N+Q/P3REAXt76DCxUtLSK7TiUylVMy2J6xuPPtaXaMAyDWq3mtaaLRblt2waGBvsWBUkunD/PsSNHsP1V3FC+bdvkcgXm5tLMzaXpGxhi+47bae/o9MHh1eLbloVjWziOw/0vqrBlkzdFo657W3IwGGTj5q1s2ryNUCiI49hYlsXlSxcol4pIKdiwzuBXfnGOYyci/P4f9ZHLe8p3XMHaNQa//d+nefUrClh2AE2L8cu/MM8H3z/Jow+ViEbcZiBpiQjYtN6rsMLr0nLTE0Ct8lzuACZexdBrGjVtk1PaIncwk8mB8NrArBgcQlUVstmCF/4Fv4N4kK1b1hONRrg0eqVZV3Dm9BlUNcD2Hbc1BzMJIajV6hiGSaqtnVRbOwhBV3cPmfQ8hl73OnvoNb8PMgz0W2RzAY6dDPLVrycBSaqtnUQi2eyr5zgOY6MXSc/P4UpBV5fNr/7XOWbnNH73D/qYT/tcQwl376nw3v86x6YNOulshG9/Zw+XLg9z1+5D7L7jPL//vyd5+mCcz38pxd6nYxSLi9vqhIIuGxcqgC4AMy84AFyVGDK7Ou3gihGTicnFiaFCsUw8EWLFyAiRsNcEKp3JNPv0eCIIBjXWrllBrV5lenrh96dOnkRRFbZt3+61n1dVksk42Ux+4fNS0t7RSXtHB9lMGsvQm02kHUfw9//Qzhe+nKRWVyiVvNLv/oGh5lHiui4T42NMTXqjVsJhybt+Jk0gIPmt3xlgZlZrtnB75cuK/OLPpenrtTh1NsXffWoV2WwvXZ0pvvjVezh4JMn9LzrPnbtK3LWnwm/+z0G++JVU001uJoBWNiuAjgD1G3r5zwcAtMgZIB0Oy8GN63We2LuYKOo4Du1tHSRicSqVCtMzM81J2o0eu40mkPV6naCmsGrlALOzWSrVOo7jcPL4CQKBAJu3bEEIQTQaoRKuoesLkTVN01i9Zj1IKJWKSCAajdHZ1UW1UiGX82LzsXiIkRWrSLW1AV54enzsMpMT47g+PexHfyTHyhUmv/MHfVyZ1ACPtv2Tb8ny5jdlCYfgwKGNfPzve7k0ahMKzaGqCm2pNiamtvOxv+licGCK7VszXB4LLyLNuK5geMjrsyCl13uhsaBeqACYxksMDbZ0tmh5YEk6ncXQa1RrtWalbGPlNdqtuK5LvpDHtCwiYZVUKozj2ui6hW3bHDtyFFVV2bBxI6qqkkjEFnEKpJRE43E2bdlGrV4D6cUDgsGg10TZ71Aa8quWhRCYhsHY5VFmZ6aatXsPPVDmnjur/P4f9XFxNIwiJMNDJr/0zjSPPlSkrkf46jd2sffpjczNjaMo3v1NTk2Ry+cJBoPYtmT2aCf7DiSYm8v7sYoFWb9OJxp1kZIsz1EC6FYCoAoclVI84KVsHbK5wKIzL5vL4ziLmTBCCJ+Q6f2sXq9TLBaRrusbiJBKRbGssj/MweLIocOoqsq69Z69EA7XFo1JQUrUQIBkMtUERbOv71UTPivlMqOXLpDPZX0ACjZvrPOqlxf587/s5sz5MKrigestP5rjFS8tMDffxhe/+gDnL4ygGwau25radb0R9X63bkXxyuWurgAKBCSbN+goisRxxGW8XozPqTxnXkDLtnVISty+HouhQWtJ5s62F78E4ffptWyrqaRcLtucrdv8O2iJtnnx9EMHD3F5dBRFUUi0tKBtleVKwxv/7TgOszNTnD55nFzWi714Lp3F615T4B/+uYOjx6NN5YPHSxACRsc6OHN2ECldHNvCbglyNZpVN+YjSVdi6Ffz/7wE0No1zfP/OFB8rvTTvLfn+guAk1KSj8Vc1q3Vl/zStt1mNwzhG3KA12vfdTF0nXyhsPhDopHRW/iRpmlYpsn+fU8zdnmMaDRMJBLm2aQBklKxyLkzpzh/9gy1WpXGbJ1o1OVVLyvyjW8l2H8wRjLhtIS0Qa/7noJdoVItAB75tVECr/iAbkijV5BhLib3SgkDfR5hxH+uQ7dAN7cEAI3EULPAsVVc18W2nKYV34j6GYaBaejk8jkMY3G5VGMiSOtLHRwa4o5du1AUhaf3PcXU5CTJVOJZh1pWqxUuX7rAqRPHyGbSBAJaS7t4eODeCmfOhTl0NMqrXlbkHW/PNKeOA+hGo67RJpOZxzQNavW6PwV1qfJdx8G2nCU7n5SCtQsJoBLeDvCcGoBwawCQx+9nu26NQdxjuCwS23abyvffBoahMz0zQzq9uA5CVVXfRVvcElYLamzetoV777+fZDLF/n1Pk8tkvIrja4o3PCoSjbF67Tq23baT7p6eptG3eWOdTDbAU/tj/Ngb8vyv/zHNmtUGCx6mQDe8FvmhkItu1JiYnKJYKnkTya5SvuM4zR6F7lUpQEXxWsD64JoARm+Bbm4JACR+YmhwwKSvd2liyLKdhSyB/6Icx/E6cdkLYXBVVVumXy7NogggnkiyYdNW+gYGOXH8OLVq+RkmeAuSqRT9A4P09Q+gKAqZdBopvVCu7QgOH40iBGxYp5OIOUtSt7qu+NFD1xueUSp5YedllC/9D1vm4hF0UkI04rZWAJ0CsrdAN88tAFq2r2NSUrmqzUlTLMtpWsTOMqsDFisfaLZTbRUpwfaJlQODwwyPrPKGXFnX7qbWMAo9t+8ShuGFYRVFcv5CeKEGkOakrYXP4h0BUkJQc1ED7rLbfqvyvee1l9x3d7fN8NCtSQC1yq3YAcBLDE1pmrfNXd1KznPlbBzHvi7lN+b+XY0AIQRzc7PMTE16beTjcTo6u5cobjmZnpokn/MGKzoOzM9ri1b7ta5g6AquKwgGXYJBgaI+s/Id18Va5vxftdKgo91BSnSe4wRQq9wqADQTQxvW60QiS90wvW7iOtehfD+L5/rTRpsiGllGnYsXzjE+Nrowpv4ZDEEhBMVCnqnJBZfbcbxS8oX78wxC7+8Xf143PEaypklCoYXRNcspH8Cx3SX+vxCSTet1gsFmAuj8LdLLLQOABRyWUrBiuNnscJGY1tIdbznl245DOBwmmVycXi4VitTrdRThzSvOZTLP2HCi+b2myfjYKKZpLPt7xxVs2aSzfWsNwxCcPBVpUr6Q+EYgaJqLprlN43Q55Qu/AeTV9ksoKFsSQJzDA8Etkec6EtiaGDriupidHXZwxYjBlYmFxBDgTeD0R7zBNVa+/1Lb29qIRKKkM0UqFS91PD8/z7EjR/3hiDT3bMs0mbgyju23Zw2FwwwNr2gahtOTExTy+WWDRq4LQwMm7333LCPDJv/6H+188h87midPJOJy564qigKHjnSSy4cQYnnlAyiqimUtnk7uzWlyWLWiWQF0BFgaMHmO5FbtAOA3Nw6HJRvXL11ttuM2fWPlGsoH6GhvJxGPk0zEWbt6eNFUjQvnzzM2NrZAEQdsx2ZudoaZqUmmpya9lK5/NBQKeaanlo+2SgmppMMv/8I8d+ys8c3HEnzooz2UfW6josCb35Tjh19b4AtfGeTjn1hLtariOHZT+a1RR88w9FrltGLNdQUjwybdXgLI5jmoAH4mec53gBaZBi4IIYc2bagvSQxJKQmHI3R0pDD8iVsNj8Dxx7HGYzGG/FoCwzQxbYP29gS5XAnX9VZeuVRa8sWNrGJrizqAUqGwbOmZZ9VLfuZtGV76SImDh2N84I/7yGbVZt7/h15V4G1vyfOFL4/wz/82jK4ruI7V3MUCgQDRaJRgMNhMdJmmLS3LWbLVbFinE43cugRQq9xKANTwEkMPrl5l0pZyyGQDLVuhRNdtenv60LRAs5NnpVym6g+L6u7qQvXbqqczGer1OvF42MsW5stLGTbPQsCT1+i1JAT8yOvy/Pgb81y4GOL9f9jHlakgquJRuB9+cZmf/akCTx/cw2NPDgN5QkGHoBYlHA4TDoeJhMPNTmCVWpXxK1dktVp2XNddGA6ElwDatJAAGsUb0HXL5FYCAPzEUG+PpQwNWsyntWZoWAhBOpPj6LHTbNu6gWg0TEjTSMbjTQKI6k/6rht1SuVys51qLBZCVRSyuXLTjbT9GX5CPLsL2CquC488WObnfyZNOhPg/R/sa2b/HEew+44K73h7jn0H7+To8W20pSAWSfh9hhuTORfmIghFIRwKS73uuMVibZHypfSIoy0JoGNA6YZu+HuUWwKAFkPwpJTkYlG3a91anUNHokv+dm4+g35Qp7+vk+7uDhLxhXi+N9fPsw0ikQiObVP35/ZsWL+ayal5xsan/OlddS6cO8PA0DDXEQYAPIXcvqPGe989h+sK/uBPejlwyMv+Oa5g04Y67/zpCo89uY3Ry+sIh71+/w2D0uMtFCiVSjhSEtQ0QqEw8/N5pmfml4QjXVfQ32vR37c4AXSrzn+49TvAFWBMUeh62SMl9u6LM+FvrQ0RQlAsVbBth7a2tmbHkMagSI8sGie6Iorj2MzOzpLL5QiHQmxYt9KfTDbfNPLq9Rp2q4spWRgWcdUJEA552/HXvull/p54Kt5k+Y4MGfz0TxqcvXAfE5PDhEKe8lsbPyuKQltbG/F4vDkN7czZS7Ja1ZdA0JUQjzm85pXFRgKogJ8AupVy02sDryV+zaABrJaSewYHLLF+rc7pM2EyuYX28uDn9y2LQqFMQFOJxaIEtCB1Q6daqxHUPB6ewCeLlErE43G/qKSNSrVGtVrzo3oL5WeNSSWlUpH0/BzFQqHJLAZvRZ46E+GJp+KMTwSbpd/dXTZvfH2V+fQuxidWeYQOf0ScQDQ7nFq2jaqqhMMRpITLY1Pk86WlyvdrBt79rjRveF2+Yap8B/gYz0EF8DPJjR2Q36P4x0Ab8L+Ad6oK2onTYX73D/o5eTrM1QE7KSWhUJBtWzfQ3p7ypm4aBrFolM6ODqKRCFcmJ8nn8yQSCVavWkUoGKJcqXLoyMlmUcnVcnXF0bVE+qv05S81mM/0UKutor+3m3yhwOzcLLquE4vFGBkaIhQKUa3VfO6CwsTELJns0viC6xd+vOeX5nj5S0qNyuKvA+/CjwDeyiPglgIAmiCIAb8OvEdRiFy6HOT3PtDP/oPRa4KgszNFMKg03cKGm1Wr1bBtm3g8zprVa6jX6+iGTjqdZXx8Bst2btgQ9L4XgkHJA/eFqdYSTE2raJpKUNOoVqvYtt0sMmlva2PFihVoWpDJqWlOnjqPrpvLKn9o0OJ9vzzLi++rID035N+B/4pP/7qVyofvAwCgCYIQ8IvA/1AUklPTGr//x718+zuJZb03IQSpVJRYNNj8WcMLUAMBVgyP0N7ezsTkJLlc1g/2qKTTRQzTvOFHFQK2belg7doNTE3XmJmdbg6/vFqxaiDA4MAAighw/ORZSqXqkmdwXFi7yuQ33jfDnjtquC4O8Ang1/Cnf91q5XPDb+Umig+CAPCTwPsVha5MJsAHP9zDl76SwpXLF1TG42ES8XBTCYqiEI3FWLNqNYFAAMuyKJWKCCAWi1Gr6x7/rpEUarmo9I1B71qtx4KCGlDpaE+gqkHqep0LFy4s4SWCp3xvbKxDLlemXteXAMRxBds21/nN982wdbPeGPr0MeD/Awrw/VF+QwHfF/FdQxv4G6Dkunywq8se+vX3zBKPu/y/f2tvFlo2REool3WkK0kmI82XvzBvUKIqgnaf1y+lJJVMIFIChEK1WiUai6Iqqk/etMnl8yQTiYXJ4EJZRDqRUnqlZMsklhrfX63q5HJl7GWOG9eFPXdU+Y1fnWXdWh3HEXXgg8D/AarfL8U35FbmApZIyyzbfwZ+xnW5mEy4/PK75nnbWzMEg3LZ+rlK1aBYqgOiyQguVyrN1rNXM38lkMlmmJ2bxfUbUzRSyrlcniuTk82CFOFXBDWZwrZNNptdAoCG8svlOtlsCWeZJk9SepzC3/7v06xdY+A4ooy36n+H54Hy4Ra6gdeSlr5CF/ESIbs1TfbuvK1OOCQ5fiqCaS5t9GhZDrbtEA57WcVqpYKqerN3GpPGJGBaFvP+CFchBG3J1CK+fi6Xo1ypUNd1gsEQmqY1y8IMXWdufo5MdjE7qzHtu1Sqkc9XlqGZezvXy19S4r/96iz9fTauSxbvvP8oYD0flA/fRxvgavFtAoAdwEeE4G7HgX/9bDsf/mh3s/T6agmHg7Sloqiqd8ZHIhHCoRCKonjjWHS9ySsUQrBqxQpvepeUmJbFxUuXmv67qqiEwiGCmoZt29RqtSXnfkP5hUKVUqm2rPJVFV73mjy/9HNp2tocXJdp4D14O537fFE+PI8AAItAsB74sBC8REr4yteT/OGHeptVuFdLMBigLRVF09QFz0BVm3WF4NX5ua7LyPAwHe3ejKJSuczYlSuLZhZ7dDN70RzfhjRSuvl8hXJ5adNOjxgiefMbc/zsT2WIxVxcl1E8b+eL8P0z9q4l31cb4GppeTnngZ+Skn8B5MseLfFb/22G4SELZ5megKZpky9UMU27ScpUWmjmrs8ydl2XSqXSPOMb07la6eiNlnXLKV9KyOVK11R+OCz52Z/K8PM/myYadXFdTgJv53mqfHieAQAWvaRJ4J3A30qJc79vTK1fqy8LAstyyOermKaziAPYUD741LFyGV3XsR2Haut4thbe/tWiBgK4riSbLVGpLCXruK5XIfzud83xtrdkCXnG6wE8F/exq57reSXPqyOgVVqOgxTwW8C7VEUGT52N8Lt/0Mfxk5FljwNVVejoSBCLhZtRw6uls7OTWCzGTKN/0LMo33Fcstkyur40DuC60Nnh8Mu/MMerX1FshHa/Bfw8fuv856vy4XkMgIb4QIgC7wXepyhEL48F+b0/7GPf/tiyIPCyclEiYW3pAytK09J3HOdZlW/bLtlsCcNYOqjDdaG/z+LXfmWOhx4oN0K7n8ML7Y7B81v58AIAADRBEMRbVf9TUUhNz2h84E96+ca3rx06TibCxGLhRS1iry5Beyblm6ZDNltaUsgBHnV89UqD//ars9x9ZxXXxQU+DfwqPqv3+a58eIEAAJogUIG3An+gKHRncyp//OFePv/l1DV78TVCxw2W8fUq3zAsstnysmPcXRc2bdD5jffOsmN7HdfFBv4K+E38oY4vBOXDCwgA0ASBAH4Y+GNFYbhUVvjIX3bzz//ajm0vPxkkHg/T3p5AbfSBfRbl1+smuVx5SQEHeMrfeVud//6+GTas03FcoQN/DPweUHmhKL4hLygAwCLj8FHgz4RgfV0X/O3fd/F3n+rEMJ4dBA0//2pRVZVqzSSfryz7e9eFe++p8OvvmWPFsInrUsFT/B8D+gtN+fACBAAsAsFdwEeFYIdlCT79mQ7+4uNdVCrKssZhNBoilYqy3GhCRVWpVg0Khco1B1U88mCJ9757jr5eG9clD/x3vK3/eRPavVF5QQIAFoFgG17o+F7XhX//XBsf+mgP+fzyoeNQyIsaBgKNYj9QhEq5UqdYXD60qyjwmlcW+OV3zdPe7uC6zOIZe5/meRbavVF5wQIAFoFgLfCnAl4u8aaUfOBPepmbv0boWAvQ1hYlGAyAEJRKdUql5aN7gYA3uevnfjpNIu7iuowB7wY+C8gXsvLhBQ4AWASCQbzByj8iBMqT+2L8nw/2MXYltIh13BAtoJJqi6HrFpXK0l6MjU7gP/nWLG97S4ZwWCIlZ/G4e9+EF46l/0zyggcALAJBJ/B+4G2KQuDw0Qi/94F+zl0ILbsTNDh9V4vrQjzu8nM/lebH35gnEJBIyWHg5/And/wgKB9+QADQEB8ISTzj7JdURYbOnPdYx0ePLx86vlpc12vX+u53zfPaVxUatYDfwVv5J+EHR/nwAwYAaIIggpd//3VFITZ+Jcj7/7CPJ/fFnhEErgu9vTbv/a9zPPpQqdGw+ot46dxR+MFSPvwAAgCaINDwtuzfVhTaZmYD/OGH+vjaN5cPHbsujAyb/Pp75rjvnkojtPsZ4FfwKpt/4JQPP6AAgEWh4x8HPqAo9ObyKn/y5z189gtti0LHjivYsFbnN983y+07ao3Q7t8Av4HfresHUfnwAwwAWBQ6fi3wJ4rCinJF4S/+uptPf8YLHUsJt22r85vvnWXTRh3XxQA+DPxvoPSDqviG/EADABZ5CA/jhY436obg7z7Zyd9+oovbttb4jffOsnqVgeOIKh5d+4NA/Qdd+fCfAACwCAR78ELHt5um4PG9cTau1/0m1hTwKNsfA8z/DMqH/yQAgEUg2II3ifsBVZG4UiAl83iU7U8Azn8W5QP8/zK53gGfR9e9AAAAAElFTkSuQmCC', 'PL', 1, 'UniQ'),
(12, 'DAW esport', 'iVBORw0KGgoAAAANSUhEUgAAAIAAAACACAYAAADDPmHLAAAgAElEQVR4nO19CZQd1XXtrvd6VE9St+YBSUhIgK0BiUEYFGwDCZBgL08EDz/GsbGdEOL/Tb7jtRw78bCWvZzghJ/YgQ//Y39IINgBvjHYZg5YIBCamARCs7ql1tAaultqqbvfq6xT91TVvafurarXg5AczlrVr14Nr6vuPtM999xz8Q69Q+/Qf2Hy/gu9Or1rFW8FAPX8SVQG0Mefg7z5b/PznhD6bWMAep8xAMYDmApgOoAZvD8RwFgAzQCKAMYJBjgIoASgG8AhAHsB7AKwkzfa7wJw9LeJOU51BiAgWwHMBbAIwDkAzmLQx7OUF4f5P0oM+n4A7QA2AFgLYD2ATQAO8DWnJJ2KDFANYCaAiwG8F8AS/t50At+HNEAPgO0A1gB4GsBv+PvACXqGEaFThQGKLNXvA3AFgAtZrbulu1AEijVATT1Q2wjUjAFqG4CqWrXvhdo/JB/o7wMGjwPHjwD9R/jzqDpWThXyEpuI5wH8CsBTbDZOes1wsjNAA4BlAD4G4HKW9CTongdU1wMNrUDTRKB5MtA8ERgzDqhrUueqaoBClQK+UOBX98wW8H3FCAR2aQAY6AOO9QJHDwLde4DuTuDwbqC3SzGGX7Y9c4k1wWMAfgpgJYAjo9lIw6GTlQHIrl8J4FOs6hsTVxSrgYY2oHUG0DoTGDsVaGxT0k3nvKJiDC8EWuyHr+7laILA5SsrxiDgjxwEDu4E9m0GurYBPXuBwX7bnb1sGu4G8Ev2F04qOtkYgIC/GsD1AM5nex8TSXDTeGD86cDEM4Bx05WEG4AXlPoP94ON9yOJ9zTgbU3ATr7vx999P9YQ4TliiGM9ihl2vw50vqm0RCnhBtCBFwHcDuChk4kRThYGGMO2/Uts303gyYZPOB2YcraS9voWBTqpcgKeAI/2CxrwhRQNQOR6fV/78JMMEO4HJoCvJWbo6wb2bwF2rgM6NwBHD8kfHmA/4Rb2FY6OaCsOgd5uBiiwpN8E4Pe526aIQCIbPuUsYMq7gJbJQFUdg10FFBl4r0qBHuxbwJdMAFTAAPqngwGiz3J8jjQA+Qo71qiN/AfTX6Cg08MAbmbNYHUmTgS9nQwwAcANAP6EgzQxkS2ftlBJPO0X2YErVmmfIQMUY/ALUvILQvIhNEBI4XctviPVP3RGKLuZINroWAnoPQDsWA1sWQkc3qX9bkCdAG4F8CMA+0atpVPo7WAA8uJ/B8BfA1iuReOUPZ/6bmD6QqBxvAKewCZ1H6h8Hfwqzd5L8KXUSyZAxqvbTAAspkCCr+2Xy4oBwmO9+xUTbH4OONKl/zOS/mcBfBPAMye663iiGYDCsH8G4H9wpE4RgUtO3cylQMtU1WWjY+FnoVqTfovaj9S/7uy5wNdfWb6+b+77EObAYgYkI5SFJiDfQN8/1AG8+TSwfbXqZsZEkca/B/BPHI4+IXQiGWAegO8A+BAPyKh/3zQBmHmuYgDqwlVVK8kPwTckX6r+gun9e1LlW4DP0+0DTFUtvX+DAaQ5KAstoDFBmTUCBZao1/Dar1Q3Mv5fNAj1AIC/ArBx5JreTcONk+chavH3A7iDP5XKJ2Cnng3MuwRoPQ2orlNROtqqaxUDBFt1zAjFKnPTGcLoCVjMQsEzncI8m65JIs1SSB637usMWBAMWQCaJykfh47FXUe68F1sIokBto02OKPNACTpf8Rq7YzoKHXjTr8QOG2x2g9Ar1PAVzMT6ODrTCCdwAT4nga4rhEqAF7XHNbjFmA9F1PomqdgHqMw9aQzgJYpqtdAMQVFkznySc7Cq6PZSxhNBqhlW//d2N57Kngzdzkwfjar/FoBvCb9EfjsCAbxfYvUh5JeKFgAkGYhgxHC5zSOwwTSGlXMyVD6tcFX1gZkAo91q6iiMjc0uHUpxw5eGi3ncLQYgEK3fwPgLzmer8Aibj99mbL71Kev5q2qzg6+rvqjvr/mABYsXT9bF9DmG9gAggV0KcUJZoCFEeS9heR90DcfqGsEJs1X/sCh9nDwqZZD4Q08pmCNNw+HRoMBGrlL8yV+AQXgtAXAjHOUyg+Ar9fsfo0GvAZ+Fav8hNrXgLcCnWaXC6LxdeClytfA0s8lwNevs/02S7p+vTxPQk/vSxFPGrXs2g6UAryrOVhG0dLnRpoJRpoBQvBvNMK5NDI363zF5QR6Tb0m+TWKCaTnH3X/isL7d0X7NCctr4Pm3HQphckQBuA2RoCDofTjWk9EBqfoOcfNUCObxAQDx0Kczh0NJhhJBqhltf/fE7H8hnHA5DOVzQ8lvzqP2tfA9wT4SANZDwTZgJfHbM4ekued4KcwQkLLSAbQGE3vlZNjSEPbNLag4gWE1XnkOnLgaER8gpFigCp2+P4yUvs6jWlVXZ6AAXTbH0p/tZD8Km0ras6dBLHg2BfqviINALsEw6H2DbVuYQpoABsxKFdkMjQJvoqGmkxQ4AwoUgsvjETvYKQY4I/Y22+wnm1sVT4ASX+N7vRZAj6Jrl1o56Xad4BsMwNZHnrCEUxR+54GpuHUyWNIMgZg/i/9+vgmk1MCJpgA7NsSmoNqTpLpALBuuMCNBAO8n/v5451X0EtQfD9U+2GgR7f7htRXaSpfAGRIfw4NkNcHQB4HEBYz4DomtQFiBjO+SyaA+RtgTVDXDOzbFAaMatkxJAbYOhzwhssA8znJ4YzUqxonADMWs/2vtav+hKMXAiOl3xJVc/kA0h+waYLEcYfaTzMDsEm8jSFg7qQxga99J3NAsQJqM2IC1UVs4kzopzlgNCQaDgM08+DFpdlXTgROWyocv+q4y2cF36buc2oAq/MnGMEA3iL98hxs4EOAbpF4CX4aE2S242SVeka9AxUsmsxD6Y8COJ7vR0waKgNQK38ZwJ8aw7nOB5+kRvoixy8c8Kk2nT2rBEtNYGMGqQ1GoPuXqvZttt1hAmAB38oEUguIuSf0ld5l7DSgd59KMlE0nzOLVgxlwspQGYDSs/+O1VA2EefOPt/h+Glj+xIwSEmX0p/iA6RpAZu6j7RDigOINOdPuxau7zmYQN9PwOmrNqP2pITU45RzGgjgQg4XV+wPDIUBSOX8I49a5SPq086+QFP9oq9vDOnq4DtstvFZaSTQIfk2PwAZNj+XxOdhAo3StEA4DE2RQkqe2fMGUKIR5KD3NZMzjytKQa+UAejp/gLAp/MbLqgkDxoDMII9VXFcPzGWL7txFkcwTyQw7wig7OZJHwB57L/tew4zEN4XYe2b5xO5CFC5BRQppIksXdGI8UwG/5ncuOSy3yZR//MLFYEPboQA7OpkTD/R1atUel0aQB8UcmxwBIoSuYS6WXFpItcnsq+D537GROYTbyREZywH2mZGrczYLBstBhjDjt+UGNdCPl6g64paJq/s6kW/YwNQl3BXQCgjDgBLg9uAl0GjxH4hHUynuUphgsS9ei5DIY6H6FlQYftRhPXMy5RzrWgKYzRmNBjgKk7djsjX8+JTGcAzAzx6hM/aCJZGtzWsjAsYZsDCIKkM5OpJuHIMU57Ler3NN7AxkEUDGPs6E3jA5PkqxmLidGVeUPMyQCsP79bnuNZCXjKF26q2XWA4VLlkBKsGSDMjKf6CjSlTAfZMYDPNhdZKhp9h0YS6uYzyIPk7dafnXKR8AkVjeDS2NQuVShjgg5XaFoPKg8LmZ9j2hCS6rndJcp6uo03tFwQAGWreCaxFxaepf6tJkO9v8QtCLUC9rJnn6S3+HgAfGCkGaAPwuTiTdwgUDGJ4MefqdtjYpCdvc74cKhzinlTmsfkYNsm1XJPLuQubqFLww1M282eb+6BpCAq0UXxAEQ0YfZaxGzYDXMEDD0OnAS6/U5Dg2PYdUuaSXpc5yeoCGk5nitrOlPg0pzDmA+PTeSzFMZQ+gdQCZAJmnav/4AWM3bAYoIGnaA9d+oloBCsYuU4BxAqiTVqF2k44fRl+Q4I5pNpPm1iSw+bnVfGuY7KNEs9q21izTl2gZk8rqmbs7EP0ORmAZupepB+YN2/e0JjAEy8J+cKF5Pk01Z3mzVuZxmVjXZIvmaxCJqjomN5O+o5DC1g31gI0pzKmixhDJ6UxAJ37qIz333nnnbjjjjsqAz+M/KWqY5cDZJMEB2PY7GYo8dbBJHFPmvOXyQQCPOMacT4B+FC1gKclyLI5oMSbugiyJsbQiXMaA1CI6bLKkHZQTYNiglTpluClNEBWfz5vz8Fl84ei7m0SneYMWvct96UxhvQNwCOvEw0tfRljaaU0204VuGa7Tl577bXOG9esWYONG7WpbZQFHFXtyDIFQjpt3r0TAJgAGKIGMf1blz7Lcd9yu+287Xpf/Ky8jv7YzofPHh3nm3ytXXyb+dM+gyl37wLa16vut8Lwva6RQhcDVLEHadUQBH4aAzzyyCO45pprtF+rNbt/eUyB6zpDZWvAR/dDYwZJXjzr19NaOvzu+3aeiQAMr/fcTAC571vOe+nXRsfFu0Vgl+1aj7QA3dN2mkrCOUSFywIMCcu7ePJpAmgbzU4L/Nx777343Oc+5zptafdC/CI6UE5Hz+ELSBvv0gDaR1LCvRhI5JBgK8B+TvAFsxjnbVrAs18jtUDCzOk9HA+obQLGzwkZAIwlYfqWhMblA1zEZVZHjqSNq1TqE+Dn8QFEXEA6mXni+fIz1fZb9q22HZZr064R1+vvkniHQjwNrxhNz5gue3NpDEDHLnExR0dHBw4fPlwhX/jJBnQBnvANXNGvlC6RrVqIVWp0p9IT3wUITnBzOJJpDl+MdrJdJPhOJ1m8BzgJpzGKCTgxtZmANp58YKXQtlNXcPr06VixYgW+/e1vR5dSnODyyy/HD3/4w/h2ymKVDZDKDLqn7rMzI5lI1wZCWqLv3LBBGTm28ZRUSZur/EugdgtAdY3pF9gcusGSCnOXy+b9iYpi5fimoEusDaN7WqJH+Nt0ff9x9d56FZKw7Ey5FLdpOHQstRtVVqOZ2DTtXNESxtaoRWRjACq8PMvFAESbN29GZ2cnNmzYgOuuuw4LFizA/fffjxtvvBGLFi0KfASTwhfM0ABho1DouGefyn49sEMlQQaVOX0TWMPOw2zUEF8aKz/3YypAMnAUl449gLOaB+GX5aSa2C/oHizggY569Bab3eAf78OCukN4z6wiqqIJOqKsDMxiUyXfw4r2o3ill6fFR06f7if4aPSP4kNnVqO5plowJ6JyNNQMG/YcxRPbjyU1A3j4nQpvbHsp/OFZjG0mAyzilG8r3XfffVi9erXh5e/ZsweXXHIJHnroIXzmM58xu4BRy3mWQ555jgok7HoVePMpVUOHqmpRvV57SdZ8RBI3jQpPLYY3eBzXzK/Dpy+YjsGyPY+BBGrL3h489a/t6A2aQThm9FkqYTq68MOrZ2Hp6eNF4S83eZ6HNVv24hP/8jp2+m0suULD+EBL4Ti+euVCzJ40DmXHj1cVC/h/T76MJze/Bp+62QkHsaTMAJ3rD8oRNjO2zxu/Y/ntc9JeYtq0aYHk67Rp06bgmLNnEMSqYUq9bt9I1e3ZCKz5mQL/yCgU0mTN4fs+CHsH/sFz+XxdQk2HnvqxbnxyQT3OmdWGUiW86ftYPGsCPrVwLL67qlfN9jHUVXxd+Iyu51Tnwn9ucw6h6izS1h/Vo0xgK52CBq63P7IU2SgkGYESG1/7NfDzrwNr7h8d8MNGsjpfrsu9+Jn176VBnFnXg/92wQxOiavwKTwPn7pwNs5uPBZoEsOMeV5CUWb8mpB8YWbJ/NG8wpjOkoND8g3Gc1n2kSWjj65JPnHmugeAx24G9m4ayryGnO0k4w9570PCgy8eO4TPLm7B7AnNTvWcRnTPrAkt+Ox5k1Ds77Y8U4XPGN1j6WkEtZWNGpzTZY6AZIBpeZIIKArY29sbbeT46cesg0WG8+ap6hck+c/eLgsnjgIJKclFQgMQDfbj3JYj+OjS6SgPCShFpLg/cu5MnN9GvYj+5P+phGwxDH2/IfQ1AmrjdRYikj7A9KyMUnLylixx9hIDorEAg3Q1GtpTKqj83J2qFv+ok2YfK27p2EbXHj+AL1w0HhNbxqDkdiIyifyLCS0N+MJ7pmHtQx04VtWmeZmozFSZkSMRO+CKbDQfQ00tJ/V/GtcbCsjGAKmTRcjDp436+9/5znewdOnS4Dj1DG699VY8+eSTGQ/qKYlfdS9wsL2CFx0GGbaxAgrjEPR5/BjeN7EfVy6YOyTVL4l+44qFM/D+tbvxyK5jQE3tENU/TG3lCQaq5bI8cakZI8IrTcBU5KAbbrgBzz77bHDhD37wg2Ajuueee4Jz9gfkT/JcqV7u1hfzvVv9WGD6IuDM9wNn/y7wrt/j7Qrg3VcC89+nuDyrgSoWfP2ZfTQPdOGLF0xE85jazG4fOXpeBrPRbzSNqcUXL56JFr9bFpGu4Dl1wfeSW1CCz0jmdpoAuntS1v8jyf/GN76Bb33rW0a0j/bJD7jlllvw2GOPWWIB/B+ohv4bT8o6uUmicjJnXw6c82Fg8llAfbM2iVQL+VKk667rlUnJaqlKNQB44KjvCK4+zcfyeZMyVT/9i32HVMHHCWMbU3Gl37p4/lRcPbcDd2/qA2rrK9QCEnBxChwHqTEYYJJub3QNQMyQJUr4yle+grVr15qhXiaKANI5uib5rPyQVOqE6uSmEamtS74IXP1NNfOFIlqU7jRmLG/jVOEp+iQNUchIWZQBp0qo7GOS34Xrl01BXU36/6F/0320H3/+b+tw4z2r0X30eCbP1dZU4fPLZ2NysZdDysMgw8zxJ7VNjdHza9EFXzKAMwIY0llnnYX2drftpnN0jZUoft35BtCXMphEL3DOh4ALP60GM8IXskpSpf36SojNRl83/vCMKpwzsy1T+gueh4df7sCjexvw6N5GPLSuPTiWRvSbi2dNxLXvblFRz6H6f/qXaHwEcXcwpmYXAxRGvXYwDcLs35oe2qUaeUs+CtSPM48bASTtWK4G08cIKmjhUglzqg7gMxdMRbGQHvQhoDsPHcH/XrUf/TVjMVA3Dre/uBe7D/ZmMkGhWMB1F52OufV9Kjg0FHL9C/rfpgko6rjrb1XPy6mm0sqVK90SzhqCrrE8iSqT3puxMAYlNVId4UycRNAjL1UiYX0H8el31+OMyS05PH8f961ux5rDVAdJVTld212Pf1u1IzPAVS77mDtlHK5bOgE43pN6rZ28FA2Z0ADj9Cl+UgNkxjZvuukmTJ48GTfffHPiHB2jc3SNlSjm35+xThINYcazXcXLDJfy/oaH8mA/Fo3pxrVLp2beRxK+ZW837lzXjXJtbEVp/8drD2Jz56FMLUD/4w+XnY7F4wZQGqxk8dGK28XAeUgTPq6//nrcfvvtuOyyy7Bq1arg2HnnnYfGxsbgXDoNFUhLtQznuby/4b6qtu8Arl82A9NaGzNtPw3K/OSFdmw81gjUVcX1G4tVeOtoI378/HZ884MtqZqKNMzU1iZ8/sLp+P7D6ysIivvDCqHrEl/OW3mSgj1z5szB448/Hqh82mifjrkDQT57pBkTjA/s1LqIaaAjfvlK8M9xbXmgHxe39eEDC6emjBoqKhY8vLzzAO7Z0Kdy8eTz1DXi3tePYP32/cG1qf/XB65eMgvLp1ahTFpg2ErP+vAGzroG6OMl1DPp61//epAIQhJPsX+SejfwGlFQonFC+jUdr6iu4mlL4n54+C4eHJk3eRpCG3DPuLKxpoDPv3ceWhvrMm1//8Ag7nh+F3aVqQp6QTi4fpCft7vcjNtXbMc/zGhFVdHtZ1OIeFxjPb7we4vRVFddYWzIt+6qBS6NZOCDjHVAUgNkuqAU6SPwv/a1r2HSpEl48MEHgwhgLqK57IGDl+JqUK18ygswxgg0wBMvnbOVZKaO6zKK07e2YPH8WZngk0Q/t2kfHtxaUoWb9H+m5xPUjsHPN/djxZudObSAj4Xz52D8uBbOSch6J+PhzRNRepkRdCvpGkBHYjDPalWf+MQn8NRTT0VpX+TwUXoYaYX0h+VcO6oaTsGctOvWPQg892OVFuYE3c+Pv69dn4O8HEPHdLb3WD9uXdmJQwV+H4pybn9JPf/6B9U+rx56qNCC21bsQG9fdnAI0TNkvlhSCAwmCBeyNKrLd+vzA3QTQAcrTfcNiMzAzJnO2UfmA4ZLwG76jftyCog8e5uqhUdBIVo9lLJnjPUCPJVpRAkkybV6LY8wPGdJUqHg4dHXOvH47iKF89RSscS09F5hoIvGKOa8B7jgk8CEuXi8A/j1K+34yPlzUBqBAaWA/MSOyexBz8vQAIddDEC37MGokq8ahQZ2kuvmmUQP/fJDwFvPxKFgYgA53DlwHOjKqo/oMiFDI5LOrp4+3LZqP/qqxgMHtgO//ltg8wrz92ixyPU/V+sAXfFVHGuajFuf24VLzpyC1qYx2So+L/l6MqrYD5fBj2mPzjbSGO/K8y+zEkIocTRJ4WyagloxbHbOmhMkTeQYbvwPNYj0xhNq2/C42jY9qxZtTiO58vcwicz4A+t2YeWBOtWCr/wC2PK8+0dp5PPVXwY3vtBVhftf2oYMV6AC0lR+Ih0dKvhmagADYxkHaGcnwemqDikhJGp7fjDKUjnv40rFn6icgBFiAgro7NzfgzvWHMZg7SSV20BLwqaFt+nctlXAko+gVNeCO1btxRULpmHG+DwRxgzyLeZN/07lZGMNUGKMI7IxwNG0GsBhQoikMA/ANkrITxXvEvfTGP9Ffww8+Y+jnxUUNUgFMQPnT/n4l5d24ZUjDcCYKhXZzPP8fYfUtQ1teK2nDnc/vxVf/YNFw3sY9UTxh9QA9EkaNPaRqJLoDv1uaQI68tSep9lA+uxg+v7lL3852Gjf/azaw9E4NSV4LP+80gijSpXEDNxEjt8buw/hrlePcBEGX6Vb1eSoy1g9RnWDiWqbcPe6A9jQ0ZXZLcwmP7np7dzbpWunLmkCJAPQAsY70/5nGO8Pu4Ek+fSdooC0UXAoOU6gz2zRjlGmyuIPAr97EzBx7gjF+y1kTM8aOhOUSiXc+cIubBto5qnY7NROzyHJNDmFrg2Yv4Dt/Q34v89uwcDgcNZ+0hjbt/gA1AMIFqKMqF0KuGQAUhEbkELLli0L4gAh0Ywg/TuNDdA1zgeWzgoN/JAm+MC3gSUfHiVtMPxeAEnqS1u78NO3BlTQR3/+BX+gVv500YQ5Kn2NIqGhGaptwM/e6MFLm7ODQ9mvpzNAOX42ygOknkhMG2Q1cVtIbm0l/5uSQikLKMdTmrZYZwQaI6CFpC//C+DD3wPO/6QKGJGaHcLkiwR5hQh86sIVeE5l3q3oAT19/fjnlZ3YRwk1IWAhP1Fc4/Kb1MKYRW3FPNon7XDpl9T76N0zz8N+vwk/emYbeo4eD/5Hpc8VjzBa2pS+km9i+icJoGyjges5WmTNDqIpYM3N6hT5AaTydcePzsmpY+oZffMTesY1h01pYUnqIlLRQ4oCUv+aBoeIi8mTjaKrIhag/5gUJlqhjAJJfhl+dR3u23gIr+x5K+6DJ0LEvmmmmLZ1l/H4bl70Uqpaiu9TwKeNJ2PSMm90fPwsNaZB5fLDmcb6v6qpx8M7BvDHd63G7HE1PA9M9uW1NtKWqw8mh3b2wicm05esh2buKF8y7gJ2M7Zm8ySRwiZetnyh5Ry+//3vBxnB69evD2w/TQgNicLBZBKWL19u3qQ3VphqrWsEL3wxllaaOds6E2gLJylrZV3knHg54SQiL2YWCiBRoxRr8cSBcXhinzbt2ng+JJ8tPEZRxygnUF7jK59g3GlqSZcST2cPtZfhgJrd0ePVTXik/TiwfcCcCi4HvHwxNbzMvgOV4A+nkesmgM6T8MRMtI2xzWQAchLWuBiAuoA0CESO3pYtWxLdvo9//OP2jGA9DgAdeH3gRDcRZQ3komU5eNenZAABQBWvSZwABHbgrXP+5XvpmiTMwJG1AYQPov9GdY32TGV7fQFZG4BAp42YLQRdZxzq/5sxljW2Hp4t4ONz2tAHbG45ef1NTU247bbbomSQkJ555hnMnj0bV111lXmOFjWYd0lyBVCZ1qxP4IgmOIgsV4M80ZLQGEhKnjwvAkNpwBvn5b0ZxyTYrvv0/5+Qfl0ziI0YoywZo6zM0LYXwy4g/flfNh/A5WGtkBGjkGg0kDadIdLOGy9u667oEm+9RrNrifNlsS++Q9sS522Nb/tMAd91bxqTJBhCMKWLoX3ZVikbMcLeTXoAqJ0xTZCLAbbq88fSiMDOrhyqv5jNY00D1iYBgkFSGcEChFSZLsbI86mbhFTT4GIIm1lwaae0ttLem9Q/aYCYVrrqBLoYgLyYX43E4sTxy6UB7jsYw2LbdOnWgZNSnmAM/b4MLZALfAdgVhWvt4NoE+s92rUG89vMgDzmq7I6PVH2dZmxTNQIREZS6NPsOZ4+NMQ1MoooIXb+DJVWiPfD0ilBI5SZT9kpTPCsr/kRfpxG5ut9ZAv5AhVDUi37CfAr9AWyzEGan+DUjBYzQGp/92t6GthWxtJKaVEWWp/0sUqxtjd2KeWlMlSbtP8J+5em1l1+g8aQhsawaIK8GsF1LpMJbOd16c8BetRL8NWKonuN3t7jjGXFDECt9DPbQoT62L/MBbCWkC2xZ2oFJIvDLUyQACrNprsYhhs3rwkw1HkaqC6pTjkW7Vt+z8rUIeh+3AsInT8qsnUsmlzSwxg6TXnWvADKcniRl4oNaGj5APSA1F+tsqt/FEQLhSZBayUvNAfcTfTFzCBfqn/f0XWE+bvhvq8d87VnSah8CMBDkCCuG4Im0B8toZVskl/ija+j9DhKnolphawKJimLAUj679arTLryAVKprD+wDPjAzgheyAQu2y/B9Byfgg8SLoHe8Drw0ECCgxkytMJQ/ASXySpLdS+/k/S/poZ/FQ0wdqlLyeaZGfQLwh3AmTmudVMQpGAvvODZQTeOwayejUHWgJkAAApZSURBVHJS8o3NwQS2WFH4r6xaAEngYdEABpApkm/VEuLTeBQp7Q5G0IM/9J2A37Fa/6EX2PtPpTxDbTSg/BNHM+ajsBZgWVNZhhaQdk+zea4AkdVXkN1Gh+2PgkQZvoZNKvNIeoI5dCbL0ASGyvc1zZnm/JWAHWv0JeVJ+v9PnuSevGOtd3GXcIgMUNBi2RkefIIJfEufXosDSNBdwZ00R9D4XRvg4rlyqX9+9zxmIMFw7OBJoBPjATzHg0b9dhh+13MAfp4HmrwM0MFLxg8tMORxTyAYuCjF5sAFlI0JUjWCBXz4btANhrBJvuPZbGAN5dOpARzBnRD4UIB0BqCaC1RzKR73P8pY5aq4WUm2xU/YrlROPszRq7LwXlMbOwtAh/rPDJpkMJ1VMm1mwVIpHBk+gTQNoddvA75csnwPbb8PdL4JdLysQ/IIgF/mxagSBiCO+uu8E0gN8jlCVRqMfQHdgUkM+Mhgja0blKIBIKVIgma7V4IrnskWKBqSRmCyMrmtmycdPq3dSOo3Pq0mxyii2vA/YC0w4gxA9ASAWyt2CEMGiDSAQwtIVewCMLLLUmW6NIDmLyRGCF2aIMNGp3XfUh3CFIdXSnpC4jVGoPakaWgHoixv+tHb8g7ihVRpgQh683/g5Ud+p2IGoC0oE2tZI6CAeKUOX+8Kht8tAaD4H6THAdK6g0AMjv57spsYAadf71L5SAffZebKQvKlwxcJTllVWttm1Fr8DwD/XKlwDqUoVDi54KqsZUkjompfVPvHWKZFL/ik5/jZFoKwkfaeYd0AQFsQSj/v6HJCBxXJ+3zxWwa4iO9P9ATkd4dfYAvuSCfPkHoOqZPXT7OPeeYxLwLx5wBezYWHRkOtCradtYdzbSGDGtvUWnYFfV0bW9aPjQnyTBeQoGufXiUC4ScZwdAOacAjBewM8CMmkBIvpJ+YgYpI0YTT/dHwPg37fY+jfpWZ5mEsCk06+Z94BYprMq+ml6PuSlTpU+T0SYQDlsoK/0JT9Q7173kaYCFJbrK0mRN0y3cp9Vkaweb0Rf6QttlUP7UhLahhFtq8n7EYUhd9OHUByfWkkYeLAUxOvZIKQkyaxyuHyHWCmBJFGRxib00RdKl/3wKwRf0nziPJOFZzILRE4pjQAFaHr2QBvJTsNtP+5ucVA5Sj2URUH/eGvLO6bTTcwpBdvBjh5WkTSgMGmDDXTAq11fgzlpKJDorvOukrfQqADNXvAhsp16SZAxvwSAJuePsWTz/N0ZPfd64FXn0EGDwWPhSB/kUAL2W8WCqNRGXQrRwjuJQmPFmvoOoeVBuoINfsE04gLEAbjOB041M+LYwgnUJbLyDaTTEHNuCdXr/N4XNIf0mXfvb4ye4fN8b5/yeABxwNkptGqjTsqzwAQeagOnGWZvy0zhCLMso1/3RyeX0p9tuq/vXrLOsCS/JtDCPNgdAMzp6BCGIlhnBLIrY/mASfznW+Dqx9QE0vV0RTfb7Fff5h52yOFAOUWRVRt/CChPdG1b9pxoxr2faQvDyawEYu9a8B6sGUeld3EBJwZJsDlwNoi+2XU6J7EvxdBP79epyfPP5b2OuvpJyok0ayOHSJo1A0Wf5c47dpDj2tZh0uIS8ng8hun41s2t/mCNo0gOc7fiDln/niO9LMgcPTh21UTw7qDJr2PmQCWv9g/f/X+/oDPMjzTb3O33BppKuD9/NQpMkEg7y8Ks2PD9cQdE3yNCaMCtAkAAnyNUlHUrIzvX+pCVyOoUX6dXVvlfyyGAktWYAvqZo+VHKG6g7FuX0h+DQW05sHiLw0GuXhQyao4fVqlU9ApUpovjqt/BFOoZYOoEEpjplzHwJ8qfrldTm6g9GuTeXDAnxKP9+m/sPuHjEFTejY8Biw4YlwjR+wtN/Ckj+i4GMU1wcgJqBFhY7x2vW1QYMRE9BGBRaCiuACfOtUP1+AKlRvdFxqCHkNMgB3nZf/U/fu9aQUx2he2RLc8fV+Pn8/3KlUPhWTinP6e9jh+95Iqn2dRnOBiBLnD1AyyflRnKD/iCpbQlFB6h3o6+eGJAGWTGCLvqV2xWAB3dYdFOcTgMtRSBv4AvAE+GJInAbIKJV7zb+rqmnxQ+zirt5tI+Xw2Wh0VwhRvYP1PCt1cRQxpNKlPZ2qahYxQVg8KaKUOLsRYLHk9RvM4BjSlb+XuF8MJYff0yRdB982kBPE8gdjyafrKY2bVD4toGlW8ljPQZ4HR3R6noVGmwFComDRk8wA84NuYtgAlMhY5IWNjClh0pHLMd6uh1shmUVnmLREEf1+W2KJTNbQbbqI64cDOOVB09aXjqvpW9TF2/myPouXdP+/A/iT4Ub48tKJYgBw2PjXnK2yKFqhlJydgx3AscOq/EoVrxbia5JoA9zYl8kfjuukRFulma/TcxbDfSMlW8/Vs0i/dPLCc4c7lMS//qieww+u0PZdAH81nNh+pXQiGQA8gPQczzaaxcuYelF6U7hYBJWPq2KzkAqklFobIwiAIa+3DctmhW11Jy9tGFfLfKKKolT3+OVfAHvf0h09eqhnAPwZgH9lx/mEUeZI+ygSrRzxp2zrzNFEGjug0UOqrEXJJFQziMwE1cOhz2A/3Iq8cSmZcEHJaMl6W1kZpAefrB5/+D3FRMiUdwL/6AEV1CHvvrtT9lQ6OcXuR5zUccLp7WQAcMiYegi0ytTv66tZBUSBIyogSczQNElpBqrIFYJfDBmA8wzCcvJRWXnPnn+QxQROBpB+SAi8b2oYsunUrWt/GWhfx+seGL4cdekeprqbrA1H1dFLo7ebAUIif+AKAF8CcGFiQIl8A6rARYxAg0qkIajnEEm/tkVFpQr5mSBBaZE+Kfl8Lal0itx1bVMTNPdstC2QOcCTNW/haVu5s3dHi04WBgipFcDVtDAZawaTEQhgWjeASsjR8HLLFFVMMmCGgpB+zRRIc5AYg7CMMvry0xJroPBtWI1rz5tqXn7PHi4TZ9AAS/rtAB7KO2njRNDJxgAhESNcCeBTPMTcmLiC1D+tGzx2qlptlJiB1hKmws0Uag4HngzQLQyQeyCqrKJ25KSSw3qoQ0l7WI7FvmoJhW5/w/l6vzyZgA/pZGWAkBo4lPwxzjqaae25EKjUfaTMI3IamyaomsP0nZZyo7Bz6EiGmkHPS4hi0H7svJFKpy4qSfjRw0DvXmXXCWxy7KgCp2813SWtuspPeYQ0dYr220knOwOERKDP4EIVV7CfMDW1G0tAkyYg8EkrkB9BwaYg6DRG9Sh09R+ualriTwKfwtYENEUuy6lVvUvcd3+ebftTXHV9OKXATwidKgygUzVrAjIN7+URx5k81nCi3sfngZrtXIHzaVb120czbj8adCoygE5F9hfmcnTxHFq/mtYjATCeexfDDXaV2FvfzwUXN/DYxnquvXvgVJB0F53qDCDJY9Db2ETM4I32JwIYy1XQi1wON0xdK/Ok1xJX1T7EhTF2sSrfyftdzAyu8eRTjn7bGCCNPJ4IU8XAU9BJZ4A+/hzk7bcG5HfoHXqH3iELAfhPlhlx8WqOeaYAAAAASUVORK5CYII=', 'FR', 1, 'DAW');

-- --------------------------------------------------------

--
-- Structure de la table `tournament`
--

DROP TABLE IF EXISTS `tournament`;
CREATE TABLE IF NOT EXISTS `tournament` (
  `TOURNAMENT_ID` bigint(20) NOT NULL AUTO_INCREMENT,
  `TOURNAMENT_NAME` char(50) DEFAULT NULL,
  `TOURNAMENT_LOGO` longtext,
  `TOURNAMENT_FORMAT` char(100) DEFAULT NULL,
  `TOURNAMENT_START` date DEFAULT NULL,
  `TOURNAMENT_STATUS` char(50) DEFAULT NULL,
  `TOURNAMENT_LINK` char(200) DEFAULT NULL,
  `TEAM_ID` char(50) DEFAULT NULL,
  `USER_ID` bigint(20) DEFAULT NULL,
  PRIMARY KEY (`TOURNAMENT_ID`),
  KEY `FK_tournament_USER_ID` (`USER_ID`)
) ENGINE=InnoDB AUTO_INCREMENT=12 DEFAULT CHARSET=utf8mb4;

--
-- Déchargement des données de la table `tournament`
--

INSERT INTO `tournament` (`TOURNAMENT_ID`, `TOURNAMENT_NAME`, `TOURNAMENT_LOGO`, `TOURNAMENT_FORMAT`, `TOURNAMENT_START`, `TOURNAMENT_STATUS`, `TOURNAMENT_LINK`, `TEAM_ID`, `USER_ID`) VALUES
(10, 'Tournoi BSP', '/9j/4QAWRXhpZgAATU0AKgAAAAgAAAAAAAD/4gKgSUNDX1BST0ZJTEUAAQEAAAKQbGNtcwQwAABtbnRyUkdCIFhZWiAAAAAAAAAAAAAAAABhY3NwQVBQTAAAAAAAAAAAAAAAAAAAAAAAAAAAAAAAAAAA9tYAAQAAAADTLWxjbXMAAAAAAAAAAAAAAAAAAAAAAAAAAAAAAAAAAAAAAAAAAAAAAAAAAAAAAAAAAAAAAAtkZXNjAAABCAAAADhjcHJ0AAABQAAAAE53dHB0AAABkAAAABRjaGFkAAABpAAAACxyWFlaAAAB0AAAABRiWFlaAAAB5AAAABRnWFlaAAAB+AAAABRyVFJDAAACDAAAACBnVFJDAAACLAAAACBiVFJDAAACTAAAACBjaHJtAAACbAAAACRtbHVjAAAAAAAAAAEAAAAMZW5VUwAAABwAAAAcAHMAUgBHAEIAIABiAHUAaQBsAHQALQBpAG4AAG1sdWMAAAAAAAAAAQAAAAxlblVTAAAAMgAAABwATgBvACAAYwBvAHAAeQByAGkAZwBoAHQALAAgAHUAcwBlACAAZgByAGUAZQBsAHkAAAAAWFlaIAAAAAAAAPbWAAEAAAAA0y1zZjMyAAAAAAABDEoAAAXj///zKgAAB5sAAP2H///7ov///aMAAAPYAADAlFhZWiAAAAAAAABvlAAAOO4AAAOQWFlaIAAAAAAAACSdAAAPgwAAtr5YWVogAAAAAAAAYqUAALeQAAAY3nBhcmEAAAAAAAMAAAACZmYAAPKnAAANWQAAE9AAAApbcGFyYQAAAAAAAwAAAAJmZgAA8qcAAA1ZAAAT0AAACltwYXJhAAAAAAADAAAAAmZmAADypwAADVkAABPQAAAKW2Nocm0AAAAAAAMAAAAAo9cAAFR7AABMzQAAmZoAACZmAAAPXP/bAEMABQMEBAQDBQQEBAUFBQYHDAgHBwcHDwsLCQwRDxISEQ8RERMWHBcTFBoVEREYIRgaHR0fHx8TFyIkIh4kHB4fHv/bAEMBBQUFBwYHDggIDh4UERQeHh4eHh4eHh4eHh4eHh4eHh4eHh4eHh4eHh4eHh4eHh4eHh4eHh4eHh4eHh4eHh4eHv/CABEIAZABkAMBIgACEQEDEQH/xAAcAAEAAQUBAQAAAAAAAAAAAAAABwECBQYIAwT/xAAaAQEAAgMBAAAAAAAAAAAAAAAAAQUCAwQG/9oADAMBAAIQAxAAAAGZQAAAAAAAAAAAAAAAAAAAAAAAAAAAAAAAAAAAAAAAAAAAAAAAAAAAAAAAAAAAAAAAAAAAAAAAAAAAAAAAAAAAAAAAAAAAAAAAAAAAAAAAAAAAAAAAAAAAAAAAAAAAAAAAAAAAAAAAAAAAAAAAAAAAAAAUtsgLV3dAue6arDoVzyOhnPNEdDud0x0Q53RHRDnakx0U519EdDV1HbuipqJwAAAAoa/lhn0K/JYVs61gm2U8IFtJ8QDYy6Bc+2RPQrnm6cuhEGbXo3SRX5vp4+kEgePO/RPOvJ6LzKcfo1Mn9GfPhbc2Y4SmbojDW5v5ZjH0rTHYkWOp131OxVO7zBTXM9OyNKp0c27NIobw0aid6aRs2rbkRp6dSiufIMuaL5rPSyzrLLL7Sy2+xnbZ6WM7bL7I2W232Rsz8681TNVWW6iqsAPHnbornTk9Bbacfo5i3HTtxs/DVGzlpUFl9CE9U3LTq32NOiOd+ht1bkh2UGNieXYmufO+FaLejtpWjKyy62IbBr9urplekUW8NlLEY/HZu0LLrerRl901yWqe60em9OPt0W3fCdDxkn0mObPHaNYvqm2RY63vn6JgFBbgePOvRXOnJ6Cyhx+izX1a2z5tka1SY2ZrNJx2f5cFWIUVx3WznBm/bqyW1K9/l3zfSY4ryzTZqwHlsbLHV/Hb2WOlfPvqcYw16cPn6OeCrNj124paed9mcbVLMH7VUXMjo3py9kko1thJlI0xOTGa3f53dXbvmiSLo6JWHn7cDx506L5y5L+ytKcnor0tbb00nO7oplq51p0WRzpToy1HOiaoW02FtaU1dW97vBtN9b0X9XNV2zk6Wrzd65a+ja87+rDoNAf05a5zRBIufNmhs58XCk+wdbU+Ptrbb0q2tsbLba0Z221tjO22trK2262M6TLHc61Vn61KqwA8ecujuceS+81acvoZk3PTNxsfE3KNnNVQVUDniaYI5Lyy2sz6LKF07tvFA6RI61d1aGG2lKpxpVSIbdqO7beeaRYeWpC80QpY1mHopeUP0ZLIS3V28JWzg5umDrZzMoKrOhML7JIjVt+b6KuTopUSB5c49G848l75jlv/AK/bHVnXkKY5MZFj6RGQpjyL/MZ1nWCZG3Vkqju815aXvLHZG6SGG+NkkpiNkkoaFuP2M9QZavOB5UiO4pbba22lTtkuxDLtD6Go4e8AAAAADxgWf2vr58dBtXbz46DHPtOhCOenQo56dCjnp0KRzz6dBJjVdqpXfWBOIAAAFMdkqTjDmPnR318FWzumItlE4+2o1bgAAAAADEWGafF9hVhfuPsY35zNMNQzTC+xlGJywfD8ZmmI9TJML7mTYj3MgwvqZVi8gejxxZmmGyh6niezXvvMktwhnWDyh9DC1My88YZdj/IyqmHMy+L7QDlTbdS2M1no3n6RSHZH9tDJbhbrrl42LynH5zmSU9K6FOauquVeqiFNT2zTDddb2fWC/c4zk0iPedG3kw25aNv5H3QfPnQRjOeOh4ePP7Jq54OooFnqLTScR7UN+jrZNwIh32WNOIYyXhmTYo0laKjd49kLXScuY9qqb9L0Qy8AcqbZM/mczZrov5SHdQ6q+AwsDdMfGXfPmaHNXQtMmcib/MYhnE9CfORdgJy9jCbRX1OTt5mD6Dn7cJG9TnzJTl4kWx1094EE/fNGXPSDZy8CBtN6S+sirSensGc5b1KuTOdM9MnuQ3HnUPzkO56TPoORJgkz7CLZe+L7QAAACNvvif3OiwMDno1N6yGsbOAI33TnA6a+nQN/ANK9sRopPPuD4/swhpO4wdORnwI/kDnkkKROcejC4HwR3tsQk05uOpFAAAAAAAIukL7wA1HbhDcv+oA1bW5NEdyIAHw6pvIAY7IiFZH2MAI1koRfJ1wAwsXTWNL3QAAAAAAAAAAAAAAAAAAAAAAAAAAAAAAAAAAAAAAAAAAAAAAAAAAAAAAAAAAAAAAAAAAAAAAAAAAAAAAAAAAAAAAAAAAAAAAAAAAAAAAAAAAAAAAAAAAAAAAAAAAAAAAAAAAAAAAAAAAAAAAAAAAAAAAAAAP/xAAyEAABAwMCBAUEAQQDAQAAAAAEAgMFAAEGEBURFCA1BxYwMzYSEyEyNCMxQZAkJVBg/9oACAEBAAEFAv8AS3xtX4r8a8bVxtXGuPTxrj/4bvtOEv2XzJFc0RXMkVzRFcyRXNEVzJNc0TXNEVzRFc0TXNE1zRNNvluLh4tTCfUkI/79iFFsOcw/XMv1zL9cy/XMv1zL9cyRXNEVzRFc0RSTi00zNyLdAZMm92Hm32+l72nP31t1X6MPDspfrZEHZ4a/qwsi4AQ0tLjfQ97Tn76DhFPo2s+trPraz62o+tqPraz6eDKZtrjrX2ojUqWYZVvtb7W/Vv1b/W/0mfRxCLaLRotNlIKR9BHRfqvriJH3o3oe9pz99MR7X1KtZVsnDQKfpG24AaSS7thX6/8AEEUgUjeAa3kGt4Bo9aXDavUQIk0zy4NXlwavLY1eWxq8tDV5ZGozGrpQtKkK0whf9boe9pz99MR7V15aQh6Q0jL/AFR+hrf3hXEKbV6P46cW7n15MiyJfTC/5/Q77Tn76ByRYrW+SNb5I1vkjW+SNb5I1vkjREtIOp0vWNu/diNXGWnKvHh3q8YFerxIV6vDB1eEFq8EPV4BulY/TsGUmiB3h1dGL9068jdS7LaYVb/n9DvtOfvr+K/Ffjr/AM4kell71Xmm3kTUfybt/wC2kYXyRXmRVeZlV5mvXmdVeaFV5ovReRFuovfjfTCEf1+h72nP304ca4Xr6a4VwrheuFcOi1+FReRPMpYnI52yDBV1Zxu9fVauPoybFiA7/i99L+nh492o7od9pz99MVZaXGcsPXLD1yw9csPXLD1yw9XFHqThBSGVJuhfR+a+pVWfftVjC7VaRPtVpaRtVpuTtSMgkk0PlBKbxcixINayCfoN0v6ULGuHkNNpbb6Hvac/fTEe1ehKdx9XEnFImNZrumg7DpDm0H1tEjW0SNbPI1s8jWzSNWhZK9NY6eugsZZRdlptlvpe9pfuaYj2rTj0ysiwEwtf1r/zHxEc6DskZWyRlZPFtDM+hiA6nJPWYv8AVJ6Yt3P13vac/fRokhpPOl1zpdc6XXOl1zxlc8XVzS72Uq6r6Y4592I0cQlxBWNhuq8rN15Vbryq3XlVuvKrdeVWqZxgJNxR2Rm9F3slBS/uEaYr3T13vad/f1cNNslfrZCVYcLXFe6eu57bked9e3HVtx1bcdW3HVt51bcdW3HVtx1bcdW3H1tx9bcfW3H02DItrhziHUeoYRdhs5uRLe5E2uRNrkDaxsUlqR/+zckgG17rG0OUORpukdQxLBKSDhB17rG1aUjr33WOrdY2mjwnabkQHF0SWMNW6xtIkgFrfODYc3WNpg8N9aZIBSyTBRlbrG01IgurekAmXEKStDrjbLe6xtWlI69NrQ4mnXENIXNRSbjHBk3vfhZ2XjGrsS0a8p55phvdY6kykde9lJulMkApZJoo6mpEF1yrykda4xQ5NtcgtxnrYcbdmFfdElsiK5OGYYdft4dl/bPynHi5SSkBVhGA4mc4g/FDh2IwNw8yNx8qLbxvvleJPvQePESo0diJgx+e/II3FizgoDGyYs0DvHiN3KHxsmTDhsULCk8z+Rwnacu+PREe7JGSWLnhC4NIPMSteIRLqpKGxd2RBcipQA/OJB9qOhIMuVTMRRMUQ6S4TgULGPSpM1AGRbOBFOrYju8+I3dBlrFJl5FLePcFXT4a/wAfXIO/WGyj7WOLFZmPEcvgPhDI1wY168fM2vxtlfyGI7VkHY8M+Qy/a8b75XiT7sOzNuDwLGRJlc9+QCSUwyPhxkgVQHePEbuUUxPLExhieRKZn8jhO05d8ewPv87w2fE/kFZpCPHuNgT4qWZyYCIzp+xNvDvtBroDd8tWM5jONylok3I8i3YbBwHWBI7vPiN3SQF/6EuSu7jjgv2MY8Nf4+uQfietmJyWg0PGSWXk81ODYea6PORj0UXipXNweV/IIjtWQdjwz5FL9rCIWIV5ykqzAlZgMJkBMUMFlxr5me9/xJKfL7trWaA7x4jdyh8jJjQ4bKSzZPM/kYuWSA4+9Ey0DEnuxpclk0gcLg0c89K1n9imZGMy0kMKRKelJHKox+0DCThcUmZlCZZ9Yzo2A4dHjyMjmMIHHB+H7q/pju8+IvdI4TncFabU47mo9hYDw1/j6uRke45tEbQ4Qg91RccpX9rFBilXGHYGQ9GgPOISlCHEIcQzHAsOLSladpjK2iNpyPCcRtEbSIuOQogAIhxlptlu9Ji49KyQhCVbRG0zGgMuPxwL7u0RtIjwUN7RG1aJjbXQhDaaeZaeReFir3GjwR73ta9lw8YtTUTGtLfZafaGBDGWSOwSgcIQekxcelZIIhKmGWmGkRkehwkYclIoo41vRJy4NgmKyYKQL1m5NqLFjikmhdBeXBDkjOpfH1PyEcKSmp4WMeYXdxnQx+wwvnMKoSUblRtZLKBQTQssAII1OKaDFvmYvGIkh5Mb12CxwcqHdRIZfr4idmxT49rKkWEjg2GX4vBS+YhNc5jObj8TFdl5bWe7LjLh6GoK79wNZZ9gbMjHhpadt+LaZMNcuFEvLAR2Dkivh+uDjbiJ8cQUdWuUxr0oAxA5Ay21a9m9MmBIkI0HEQrB4tClxJOpzV3w8SiH4lnWSZUTHhY5OBWgRzxhdXIB5zJpvHFkydv7aTQW4RrcBkDLGLQ14kf/AFI//8QALhEAAQMBBwMEAgEFAAAAAAAAAQACAwQFEBEUFVFSEiExEyAyQTNCIjA0YXCA/9oACAEDAQE/Af8AS9FQOqyQCtBfyWhP5LQn8lob+S0R/JaK/kjY7wMepSNDXYA+55IGITrTDTgWrVGbLU27LUm7LUW7LPt2TKuNy832D5dc6oiGIJWah5LMw8kKiMns661ZeiHAfd0szIhi8rUqfktSp91qNPyUVVFKcGm61IgCHooewKjk/U32D5ddW/3D/ZRl3oN6lbPxbdbTXlwI8Jt8Mron9Q+lqsv+FPWvnGBuoYI5IsXBZWLZZWLZGljI8Jzel2CpvyC+w/LlinUsLjiWrJwcFlIOKFLCD8brUiMkPb6uIB8rLxn9VlIeKyUHFGggP6qWy4yP4dlJE6Nxa7yLqKpjjj6XHus7Dus5DujWRD7T3Yux3VMP5i+w/LrprY9N5ZgtcHFa2OK1ocVS1jakdkVNZsMhx8J1jj6ctIdyWkybo2XKFNSSxd3C61Ix2deELgqSM/I32J5ddWfncsFhdY8TgS9VVU2nGLlq0WygnbOzqb7Ksj0jjdan4wgqSjZKzqK06PdafGsixNpY2/S8X2L5dcY2E+F6UfFelHxXpR7LsPCtOPrhxH1dHM+P4lZ6fdZ2bdZ2bdSTySfI3Wm8OIYgrP8Axf0KWsdTY4LWZNlrMmy1iTZaxJstXk2WrybI2tIfpPcHHED3EYp1nNccS5aazdQxCJvSP+Gv/8QALBEAAAQFAgUEAgMAAAAAAAAAAAECAwQQERRRBRITFSBBYTEyM1IhIjBwgP/aAAgBAgEBPwH+l3HNguSwLkhckLksC5LAuSFx4BHXqSRGdDCdONRVIxyxWRyxWRy1WRy1WRy1eQuBdSDnE9pbVUGxWASDwNipMJqqSG1OHRIsX8CxfwLF/Ach3G/yopaa7UjQfXqDJU3lOK7Sb9pdDvuOghvU5aWaaGXQ62TidpjlrYYhEsnUpRr7iHaJMXb32F27kFGPF3DatySMRnwnOK7SJxWRxFZHEVkcRWZMKoqRHQcVeRcO/YXT32BRjxdw3qSyP9g24TidxSjIZxxyqSFi9gWL2AmBePsG07EkQjPiOcT2klipVFt5Ft5Ft5DjZokl9RC58C5FwQ46QlxKvSWmLP8AKevUHipsKcT2k37S6Ig+wbbNYt1BaNp0lSTfuKWm/IcoqMW0vaQ5k5gcxcwOYuYC411QrOJ7S3GQ3GN5jccmDoqRpJXqOEgcJI4SQSST6S01uhGqWofL/AtveLdIt0i2SLdIt0i2SOAQIuognUFJKhEOZLwHnTdVuP8Aw1//xABAEAABAwICBQkFBgYBBQAAAAABAAIDBBESITEzNJGSEBMgIjBBUXFzMmFygbEFFCOCoaJAQlJiY8GQFSRQU2D/2gAIAQEABj8C/wCFvStK08ulaejp/wDDO8kfxpN610m9a6Tete/ete/etfJvWvk3rXP4lrpN618m9a6TiWvfxLXv4lrn8SDGSylx0dZCWqmfJJ4Ysh2pfFI6OTzyRjke8OHvWtfvWtfxLWv4lrn71rpN610m9a6TetdJxLXScS18m9dWolHzWvLviCDauPD/AHNQkieHNPeOk7yR7Z1W8ezk3t+eaOuz6dsDcmI+01NkYbtcLjou8keXHFA57fELZpNy2aTctlk3LZZNy2WTctlk3K8lO9o946EI8RfoYWgvI8Fs/wC5bN+5bN+5bN+5bN+5bN+5daA/IrFEfMcpadBT2f0m3bc2TnGbdF3kjy/nPTsRcL8MWa8XtywD/GOWRw027FxldZhC1n6LWfotZ+ilez2XO5eZeS0Wvktc9a561z1rnrXPWuei6nmxHwci1wsRp5Z2e6/Rd5I+fL+c9gGsN+bbblgP+Mcr4x3hFrm2Pb/lPYS278+V4/s6LvJHl5uKTC3yWuWv/Ra/9Frv0Wv/AEWv/RWdO63uy6EXi3LodeNp+SzgatSFqzvXsu3rS9axy17ty6s+8LqYXfNWkjc3o/lPYSlugZcsh/s6LvJHtnUshsH5t8+2LJGhwKuzON2joc8GY8rWutl/ctkHEtlHEtkHEtkHEtlHEi2MNiv4aVc8s7/Btui7yR6GhaF7K0L2VoWjoXCEdS3nG+PetdgPg5dWojP5lk9u9aR2T4yO7JW7YyuGchv0X+SPLd0bXdc6QtSzctSzctSzctSzctSzctSzhWoj4U4xRiOTusi13dl0vaO9ZSv3rKplH5ltU3EtqetqO5Zyg+bV+NFG8e7JYojmNLT3dCVvg89qBYiIe05NjYLNaLDov8keX857Go9Q9sxoOTwQehN8XLgibid4LZ3LZytnctnctmctmctnO9ZhjPMrFUymT3DIIRxMDGjuHSf5I8v5z2DiXgyfytTnnSTfkhkdTgucwEm5WyjeVso3lRzUsOFv8/Y89bqxjT0Jvi5fyn+Ad5I8uFkrmj3FbRJxLaJN62iTetok3raJN62mTetok3q7iTyw+7q8pY8AtOkFYo3Oi93ctpduW0u3LaXbltLty2l25bS7crvfI9c3CwMb7uUuOgKR/wDU6/L+U/wD/JHz7Z9I8+1m3tywHryZDoflP8A4e5H/ALWXgWyS8K2SXhWyS8K2SXhWyS8K2SXhWyS8K2SXhWyS8K2SXhWyS8K2SbhWyTcKDm004I0HChFV00scn9WHI9rdsT5HdwaEZZKaXyw6Fs0vCtml4VssvCsckEjG4TmW/wD2hY+ria5uRBctth4l+BPHJ8LuTbIeJF0ErJAMjhKwT1EcbtNiVtsPErCsh4ltkPEtth4kebqYnWFzZyDGVcTnHQA7kHPzsjvoxFbbDxIMZVwlxyAxLm5qmON3gStth4lghqYnu8A5YBVwlxytiQbPURxk/wBRW2w8SEcdVE5x0AORjlqomPGkFyD2kFp0FGSVwawaSVtsPEttg4liY4OHiOTHI9rG+JKsa2LerQVMbz4Aq5RD6yEEe9BsdZESfeuclkaxniSttg4lYVkHGsQcC3xQYKuEuJtbEsM9RHGT3OKEcdVE5x0AO5LGsh4kTTzMktpwnoVg/wAzvqucFTBmL2UDonEESAH3qom78Nm+ZUrmC/Ntxu8lLSE5StxDzCFTDJG1uANzUlLIQXRmxsoKkSxYXWepqp0sWFgLimUsRAc/xVXPPJG5pgc3JUnqclL5FOnimjYA7D1lBUOqYSI5A4gXTvTao6qOoha1/cU6qlnie3m3NsFF63+1T+mhVRTxMbe1nKGqfUQubGb2Cqvl9FS+mFVfChTROaHEXzTqhxje1uZwlNpC8mGXK3geRlNiPNtZe3vTar70xgdoFroiKKUmN2T2DSqWna4sdM3FInvhLWtbldybHNYlwuC1EyklzJMFyjBA5rXBuLNCaYscwm12qrpXuLmNZibfuUHrj6qH0lDOMi0hwT61h9uPq/NF/hpVZ8TehWW/9zvqsvvGC3iojWscbPy9x96p6MH2jjcq11RIxplHNi5UUt9VLY+SBHeqz1FSei36Kt9F30VN81U+mVSepyUnkUT9m87zd88J71A6s5/mL9a5yTvTamx08swjGiwVWK18jgGdXEFF63+1T+mr/Z/Pczf+UoO+0Oe5nCfaKqvl9FS+mFVfCmfAVVX0c2VSfFyMqqXCZGtwubfSrRR1LR/aVaSeQlulki+z6gDWQ3UnqoffHQA93OWUppTGY8Y9jQnVDojJdmG102nbBzTQ65uVU1clrSMs3NQeuPqofSVDWgeLHKmoL5seb+SZO4daebLyCrPib0Kw/wCZ31QY2CLIWumBrS6SSS+QUtjdsf4Y+SZL95iZjbe2eSEEzg+7bhwVO8nrNGB3yVZ6ipPRb9FW+i76Km+aqfTKjqGAFzDcXWqh3L7MqZAA6SMk2ToIomOBdizUMLoIwHvATvTaqXIaPBPsBoUXrf7VP6aFNFExzb3zUFK+CMNkNjZVXy+ijgZHFZgsMl9oioawYGC2FCphDS4C2afTPEbGP04Qm1ZYRFFnc955I5o3yNicy2RyumU7qds2DLEXZp1QWdeQ+y1UD2sJMDbPCdHCGuY43IcmyTgdUWaGpzZWlpfJisnw1TSWiO+lRT0oc04rEXVbCScGC9lB64+qh9JGK3WF3N+SbENLjZUVO3+Q2VZ8TegZH0kTnOzJstih4VeCnjjPuCLjRxEnO9lZB1RAyQjRiCwQRtjbpsEZJaWJzjpJCDWizRkAix4DmuyIQkipY2PGggItcLg6Qtih3LYoeFMY+mjc1mTRbQtih4UHNo4gRmDZc5NTRvd4kIRxMDGjQByYxSRBwN72QdPAyQjxC2KHhQkipYmuGggIyS0sb3nSSFsUPCnxspYw1/tC2lbFDwrYoeFYWNDR4AcmCVjXt8CFf7jDuV4KWJh9wViLhYnUMJPkscdFCHeS5qaNr2eBWOCnjjccrgLBPE2RvgUeYgZHiyNgg9tJEHA3vZB1RTskI7yFzUUbWM8AhI2kiDgb3sg2oibIB4hH7vCyO+mw7KWA08pMbi3JCmDXxvd7OLv6AqJWOcC62SiqmAhsguAejJBzMjsDrXCZMz2Xi46Aop4ZATbr9yjie10j3i9mpkhaW4hex7uWWodmI2lxWzTJ00UbmBrsPW6ElK+GVzmeCbCWSRlxsCeg+pmNmM0rq0k5b4rn6e9r2IPd/AVM9VHzkYkkFrXUM9DCY4+cabW8NPQZ6oVF6fQnqD/IwlV9TNK0TCxYCcz4oRk9aE4eh96jH4sGfmF97qzjZTgaf06FZ6Lvopvuf2fHVC4xF7b2QdU0zKeUnNrRboSTVMeOJrs2/JU33CEQNyGeStyzwNc1pOi5T4P+mxzU+Zc7Df8AVStgp+Yc13WF7/wEtbU81JA9zzhPvWKCnjjPiG9BsELmhwfizTY4/tANY3QA5NDjc2z5TS0zmtLnda/gmtqsTp+8h2Sn5yRjoZB3dCWFul7SFMydzXY3XFuhPTsPWkjLQnNpq1kQdpsU5n2hUc9JiuD7ugftGTmnQE3wlRVNFzULW2uBkhyy0uLCX6CjTRVjeZPdiUgkkD5JDnb/AIkv/8QALBAAAgECBAYCAgMBAQEAAAAAAAERITEQQVHxIGFxkaHwgbEw4UDB0ZBQYP/aAAgBAQABPyH/AItM5DuTodydAlaruStV3OQOQIaruQ1XclaruStUStBK1RDVdyGqJTzX5ZWqJWqJWqJWqJWqJWqJWqJWqJWqJWqJWqJRPP8ADNdULnM1m9R/spvs3GP95H+0m8h5Hcm6TdpuM3MbmHSFhEw2RVM2/L9MuPIcZ20zf5uY3sP9jN0j/eR/uo/2Q3YP9pHfRILdUvWO7367FqBzOLy/0ebjMIg8ymo41HGpKm5TUbHMnXS+fNi/MwLR1azCQxoeDxYxjGMTZgiakaiUEga8Pk/o80vhWYkQcNCQAxCMPmqgvDQoFWb8iwdEPt4mQ5HgPnDqB8710Oqev66Fsq6hkW3LrFSsohnMtD4jGMeKw+puzZcPl/o8/H1OguJpWZk0KsUfXLXBVgQuy+nFgsJeNMjoZDGMeCiFt0zy/s5wc2HrQ/OWGnqPBWhOQ2FG0o2FG1o2tGzohh1YokcubhMMhyyLVFw+T+j2ueDPY6C4pEf0ktPO5Asmc1/pxfclMfQQ6qLFdDIYx4OjHqUGHI+eDLP4JcKlR4DMh3XX4fn/AKPJwcly8mNRW/xxTPzNVUVibbq3LdW3ng1ULZmZH+MWeUEPZB/qDwQM5L5Fuyvkesv4Gf8AFhQqbbp3E8Rq0NyOgxjymFJJOLHHJsXaOxkMcS3D839HkvH5JQbwIRQoOMXUTB3I/wACOK+TJNDlTNVacsZjc4FgVrPXQfof6Pe/4eh/w9D/AIP1v9CktmqDnMbbdRmQxwbEhcHl/o8l45yTaIrN2Ja+xPV2Ja+xznYbauxLV2IeY7YMZMcqqhjA6qKdK/sWPgEC+elIJKoS27xDJr8M/wAdXIxHKyeBlgx4MYxjGOpCghuhnwed+jy8JJhi5JobXNrm1za5tc2MMqGxdBFg9Swp5ov8PJPIvhcXUTyPsJVvhD2j+Z9qAnY7wh4o6s/zkeGUqIq+QAyPLnzE7EVqFAGPA8GPgY7iaOMxU6CmEALh8r9HlskZ7HTjY7EFFbL6liVphJYvg8HwNGQD8TwIklBjdCZeKYD/AGyH+zRvSNzRviN0RZ/mQbKKFIYJthbwQjDPg8j9HmvBjrMtglaolaohqiVqiVqiVqiVqu40tFRdWxjjcHrJeovSkhOK5nu39nuX9kcBbUJfS/yK5OD4VRGnt8zpH3wLZWpdsHYs/wAC8n9HlvGuN7Qm/Dfpv036blN0kEblmpjQy5y5wyFvTVW3xigCkIXGiVZK8bCEIQBS5NbgS05kmL1IRLOcpisfwLyP1wl8lNCmhTQd7EEY3QhMpV9c17p+dYiCLlmyZY8Lf8CVtRXaBt6hb1G6zdZus3Wb7H+1m6zfZvs3mbzNxm8xo95QwrXFEn/T+V6Z2akli7SQmhFbvjfw/wBqErJCS/8AMX/xDD1QyUzaYvdAvA4LKRrbTnXKMhtJJDKFtsbg2GJDNuyiNLhz9JsMeq9p04Wo99cJJeDZHekSbDH6FgLLZTysx0zYZQsbcJuEJjYQRZkTGaUoaGwygz9I2y12Fk0LRrKHdF8DrhI2GNoXYiS/7NlYNiYvCRVTzB5aWc9hEhCRfbgq/osIsVMkZw0yNsiFJO1AtxhKR0IYYCLLYjrFKgyNg/CSWNpKWNCNq9IgQvVJHBzmImPKOqtJEUCJOyYaEzcT1uQhrdXt0HodE7CQUiPWU3/pMY6WCENSk25h1HGq6TcwqjnvQnYQ7Ij1PHY3oc/JT4EguYk0nJ6TmLaDKS5QggIi5quZ4ce7zH8Y8BzToTKkkuWed9Z6/Q9PmMTMlbQV9fNEicQMryKNYRi16tG2YiEvunyVGb4gKMWgcOyp3Gdrk67K08PFdEZiE6Ep2R2wVHMhZkdkA3yw/wDU5kvHdWK8Qn5oXqaarqey0fBPXUg2knalaYE9pCqpLf5FyZ6OSov7I9E5apEvzBXZUhrKH4FW0ko8ge504SeV9D2+h47HbhuXaDWIG06D0nMt5n00aNY1B48e7zFJ1VFFTmOQ5tqcjzvrPX6Hp88I/P1itQRBg0ygrRuipEvwUxEiXks8t9Iks20ku18xqnkSyWghnI9l3CZI2cJUqLBv1OY15376UTq51yW+/BSd7UHstHwM02Tgqoa0qFqgtzHLHouj/a8lOUJ1KQ2rItLKslyZ0fUHlD3enCDyPoe30Iiw5KG8hFQrsmSsScLwtlqaSz1HMcY3PXzENCuy5Gjyj3eYvrnR31J6SSUnnfWMI13Nioa6DmOrko0qUagPUa0FDjcLIhJYIiTk6gQjhBpMuZS0xJE8kQsH5VSZD4oWYnxoFYUiLMqw2hlhypQrKHxhPSkkhUbOzwb9zmRtOxs6hbrir1YjaivlFT0Wj4Hqik1t4M5ykrjS1Sa9iSgUSE2dhpIJTy6OFIwS81ViBysDJCD5SlRo1q0qhJZaGZrGrFf5lUrywY098C1jTC8XxYOWqIRNNOsiLDgTOLb9Cc0LBjBrzVUagaUeDFoPhdHXgyQKQKC9tCWDk2tUSQ96nmuKqOaTLpjs1bsr6Csy/MLLoOaSShUEhKOUmRy8Ms0og6wZLFdOhSqEMRy6EALhK0x6HpSmgTqGuin8Tm3VwrDgy5/FG04KCpk5ld8LhcRtzxQ2hu8r/NwMbJDReZGn00ch7FS17EilpQs0lInW7KKUyrNSeB/c4bjAt7pDSXwRa1LIkml8pM6CCVb+A+e9Iqm3Fx3mQcIVynB6zRnqc3wQhKA65DaPZmMwK1z79Lrg+B8+UT2K7zNWcLyIZbwMDseaM5Pga8U0pkVqSyCm5uLDoUYrwum0SlOYH2qAWM6Bb5A1wObP+AitYVTyDQxbpJ8CyyKpRXNREiD4qm1eKMoG2kJ4gPPgzqAE1ZTp44H2JKrfMZZlSdFwLEJiPVqBlIZW8LEOrdoW4GoSkucosLrRQlyfIVpTvGNqc6LVUJnpE1oh3FdIOKijL/kl/9oADAMBAAIAAwAAABDzzzzzzzzzzzzzzzzzzzzzzzzzzzzzzzzzzzzzzzzzzzzzzzzzzzzzzzzzzzzzzzzzzzzzzzzzzzzzzzzzzzzzzzzzzzzzzzzzzzzzzzzzzzzzzzzzzzzzzzzzzzzzzDzzTzjTjTzzzzzzzzzzzzzzzzkNsMlPmEzzzzzyz6IEQYTyvzyaVFHvEb3R0EEAWz9JtbEIYJzyF/fzylOdSW2l6JcMrz1A3j/zzxsOCWsmzwNH1EMN9ZwwcWj1Ty8caEHVgbsYCcMPwxVpo63OPTzYCfHGEsKOOvGZXy4GRNKHD/zxvPk3v1xlQkLHKTghubzzzzzzyn75HKIKOnzzzzzXFPfzzzzzzyzzzyRzTTDzDjTSRzDzjzDDjzxRBTDhDwTSgCyzzTiRxyjChjzzxSCyyizSyDhwyzjhTTzxyQzTzzzyDyhTzjTyBTxjzgTzjTzzzzzzxzywzzwzyzyyzyzzxzzzzzzzzzzzzzzzzzzzzzzzzzzzzzzzzzzzzzzzzzzzzzzzzzzzzzzzzzzzzzzzzzzzzzzzzzzzzzzzzzzzzzzzzzzzzzzzzzzzzzzzzzzzzzzzzzzzzzzzzzzzzzzzzzzzzzzzzzzzzzzzzzzzzzzzzzzz/8QAKREAAgECBQMEAgMAAAAAAAAAAAEREGEhMUGRoSBRwXGx0fAwgXCA4f/aAAgBAwEBPxD+F4gUFlsW+zLHYsyw2LDYlRBulX6oeySUdMySJgDcCaxKr8PkbG6VP1Q+x3Rb7ogiH+0MfrGCmDIj6k/g+tP4PuT+DETdFs1EoQhUtbrex805lVI43PBz3TREE6IUs4LshQREDMUVyW9PFDNLp0D2vmhhXbdi02H2+xJkuw8sCUZ8VFsIPNJsPt9h9maMJU0qAA8TUCH2pn2pijCRJP0C9j5ol47guNy73L3cbHha0EnMaEUrH+DHoJsPQUyJoQ5Dv0DVVUpOs/D5JFf7akMZtYZCchuexf8AHzTEx0VtnTkD4iG0vC4y6zGMQksCr7bySTxrsWmyLDZFjshLBD9YaaM5i6H/AKjUSTSjL9fwOWVOe5Z8lnyWvJa8lryWPIghqMMDqckJwTPSXJKj+jX/xAAoEQACAQMDAwMFAQAAAAAAAAAAAREQMWEhQfAgUaFxkdEwcICBscH/2gAIAQIBAT8Q+y6Yyr0mIxVAwkdg5JajqmBBDCY5hmOY4+1FMxPoI04dbaE6SRlHcho1aoqd7UjhJytHK0cLQh0Co54tYXUml7etnUSKsizl5G1VusszsdWvURpqKKDngcSc+oSeO9bKFFCYyDMG3R0aU96M1JiXZ/cSrN7i7yidLZQrWXTW0UHE0cTQ0hw/ZhUaOe9bRA1crkhISDSRGhXE24h2MIiuqkh/r0MdGkdrvW0T0aRbhBg0jMhk4iqelTxP9GQNUGB5MTz8mJ5+RDEx6DZ6utlC0UmcymUk0970tAxGMxluUc13p/FfQVCWZmZmZjMZjIJW5Aob6mSctSK6sGERoj8Gv//EACsQAQACAQIEBgMBAQEBAQAAAAEAESExQRBRYfAgcYGRocGx0fEwQOGQUP/aAAgBAQABPxD/AOFFkvw34bl8bJZ/+Gb64aX9n/DnADjPf1+Gf3uLnNNB0wf57RPH+ZAZmYgAHWIBwBh04E18KQGkcryYJNT73nO8vudsvzO9Pud+fc2XZdZoOy853Z9zsK+Z2l9ztj7nYn3O5vuN+O+6wSjWxV0DMPQy4I5qrynOVj/Ot5ZmhRuPUvHmSgKhfvGckGey949wfmPaH5l7svePfX5hNO66zvV+Z3Q/Me2vzO2X5gprNz9zD16gX9dZkysZPVWfaBSW7A/8Zfh7PzRavP8AmLNZuH4jdcvTgL+UWHCtbIo3fabEJdeeUzeR0xvzAxNXA4ZmZ6z18D5cGZkYajePTWIg8LfGaox4dXDrmqUgJT6sWw2SDRAHYlkPB2/miz9f5lwFdZZUHkSzUgDj3c/u4/8Ap4p+/FfuwX7cCj96HvAmpCJdoGIN66rPiuJCKxEBIqgTa36ibbXZylPd/Ef5v6lEruf+IzSfQ5XyEeuV1gL1ON8QQ5iVGZM+zPAzeo6wZjNfgWqMbca2LN63z7PD3fmnyP54950gEo5SjlKeUo5SiDImmwJ1JyvUwroHS4uamg6zRCJ8YcLbgByXi4ptrcTabI2nM3xOMy2Mxcjci0EaLXYh/TxD92LLy+eHO0xKLrwapdQMAWyucWbwysjLTl4ysZWMsoblVdhMRSpW6iajNMxzDvfXwL4e380+c4MJ2nTxjTLQTKxQ4s2PSYMw8yGFztc63x1RIefaVhLPkiUtV7QXVKTfNkdSaS7gAAxK7zYL9oxi0hQuGap2jpEpu8cfbimYDovhzRfzNBCTGwRTyTw9z5o/f/mX0ig+YViOWr8QVlfOs6L2RLZ7J0HsjyXsgu32RQTWaredZiLIAGso8yYvD0asfFcdE1seZL76zJj6WfhhSUXy/dKKwrSlLdEvQ+Iee136ijV8qMOxZ1ljfQt+oYGOk+hnozJPk6RRTTAoU4iBeypWblJTguecXOXI1BugH5mhN0I2CD6pDwd75o+73ly+swuYQ2s5qXzR5sMNfmAN4tzNIQ0dJUDbQQ4T1IXtwOBLleBUqJAglVt7cmDEmv1fN9RCGbHBS7Ww3N7pmJS+uA/swn+7CX7cI/vwcx7+AzhTdR0XB7S5QxOVXd4ahzYedFf14XY+adz5+CMMDxEIXSPMsrpolNEIHDnKUSUunDTqLxSX8U3KPXT5hy37Wva5ci+gfuGqXoguq9YJzlnPgvnDTSbacbXGn3HIxzrVPmTXNcWia4o6cOjgbtOuaJZE1FFutSj3h4Hc+aP3P5lwy1mLqlBJW5nmPdtO1vqdrfU7G+p2N9TvT6iZ02f1QJSbfY2DFMIbN3QNPA6kFGlQo6oF0YTsXmSwXvIvuURWaUdfM35ubflnlzsv5ljWXmv5IgNP2BU3dJs0e6StcBiM/k68SLOcGrkDpc1x28DiNaRYjjoRjmW4AaGowBsd1gYQbEBUPB3Pmi7veeaLJO96QaeMy0sXLvVlBzC3VMy3KZ1cWyJ14Hg4CD07FEEL9TwaKVn3I8vAuWF4t0auZRx2HWO07TrFe++Yq47jrFu0+Yr3nzH6DXI/lnMiOv7FwD4tmHRdYTA6qA/bGHgdr5p3PnKg0hKv/hweKIKIB3YH4JLKtiw0JbwXzRWzY0SkTiq02xzcIjJhlrldTU2aIxQ4jBpFKly5VgQ5raRRTzZ4tJsjfiosWmUp7MSg2PFcOkejCL4e1807lz460cXDbviPDTrvz74bdlffBZA64/8AQiQLqZ+7L6RwI57dMVY+K4tZVYAPMjW7LD6A5Jf+rP4mW/rz+fn8fM304TCHJD8FzzY4B5ru8bSBp0C4rP7pi0RczsnTgf7d75p8r+YOJcPOVceZPMlmEQpylOUqaRIB3esiV5lcRwqVw9p7cM+C3M26F9GI2oqYsd9tpN4f7XKEY5tMXtbjqeU7u+p2d9Ts76nZ31O7vqbHvuk7++p2t9Ttb6j2t+J3d9TuL6ncX1ADvJ0TcxDgGp1W61lzuDjT/QsxZKz1TARaTAXKAxHRLu5R76/Eo917QmQC5Y1RbD/gze09J6T0np/jRE6Sjaj/AFNwA0nnMcpjlMG0P+Cv8MzP/HUr/kfSkCFqJepOwvuJG0iPmBuKIsBmG1JSbx6yoqM5qumukLtRB7GjTtidxfcTawBcrpvGJQaTePWdxfcX9oaD1VOhL0y4ldgHgS4FB49audxfcJ69UU0AXqx0GhUw6NM7i+5UCOdwGh0JnGFYWqqvW5TQPxuiwZ3F9xrDWM+QDKRjZQyyx6QJabkNojDOpdAeas7i+4IunTF9zT9kLepjhoagIvVqUPNhbPmTrGIvuiYBrVwE0ioxp8psoS6XS6jSkgky6Zec7a+4jdiFP3H6CgFHOzaC2M8IaAL1uUbG4Q0umWS4BLyC4zegLWNpZA4k13hYSAJbpdc/AhOE3upX4XDtqC0q4uVp1JcG4kA9fSDsXUu/ScsiABBfdmPKmvqV1V8RTBdWQLg0hcJNeJyuYoY/CCONalidmxYgxrUUi63pRea8oXQcpsl7nTivs3Mi9ho7kBvBxmVKHAFoLKvErAOpTWINZoqa9dUqocArEGOP5WTIG8i1aEmAeHGpMWVvxe6fHfhClJbcBbpKN11Oqp1gDhRyAnkNKeBHqpoVbRvgCM+QIgBrQ4hIXOGCIibMtruNSXY6Wm4Kc64FzRWWNnYUIg15iMzF0JYTZeQ1GkDsyhCsb5gr23GbSxjO7IGyIC9maftpPgvzg8IFzC3zUb/tF61g92FThRedq96gz+BSw1fWWqPwhoNXwr0lDpKBggHKEdkYUebF51FjMlPV7YRsEemR45pj92RTcSyd05HBZ33mnbuedo5uK+1cyGZFlDCLsd6i0SVJyKsOtcICPFV6XRqUZKdQN3WDg38rJHSKl5MxFag0Wa0HF6p8d+E71yiCm/w2J2fR4Yq3EBVVty2VGNKjbmApDwM5jGqIglkvSbXk5D0ZWQV/u47Jvh0lR42wxfLelwUjWpii1vlCcuQGzQwYlviCyoVWtNp3DknwX5ypmXx0svyS0UuN2S/S8IPKJJ1vB7rfhamBb7YmJKw9tChrEPwi7lpjQJaZG7NKR52he2B4BpoqyWIbNpcNXTYk6ulB5jzshe80ODTs/NA6H9s7RzQL5sgJznfX3APHFgqY9ojd6usUCseUzMI+ABT3gWYtdjkL1TIi30G6BmYWrnm3KJWWrSaALNhS4vygZbaBaEQKLzKeW4Rdm7th4WAzQU6QyK3svXkuBlxpIwRWGtXfpwpuOMCNjTV0kZGLbQWaG3OsK3aOpQAc/OGQfYhBujk4YbFTbAKsTSMRWf0Ft5qsFSVpAgs9Ll3XrSoDfkzGBVIUseiRxlWQlaWG1msL2WiFcez8557nq6leZZGpimtypUYY+T7rhTwasLbalaq82fxUfrGpT3axSxbQo2r6wwNKgNgmWmWgrdHrGS0q0LVrnMt1yl5rDSzwARQHQI70NmVhE5M2xCFbjDGfnzImo8I/xUyFjuRtyE/ioDUtDSyJ5R07Ls0NC4SIqoh6EFsApOZNYeRBa7vnczRz+alE/iphouAvMZTObL0lFvkT+KhqEVMDIc0/ioMMGTCaZhgD0OGoXIQ+Y6Wdf6QUEaFp5LbByDQ7E6jM/wCDBv2qZl6ndPeyUiDW460x0mUGUZ1VfpMctAw846ttPKTCA2MbBsTrcyFS6HJBt5KqZa46ytGZu4s6zA1H4uZFzuDmTS/L/K4sQgTJM6YlxkSlQLyNHwCyea7tFvPlNrCkC0zXl4cneDAU1nnLdUvoLPAVRbFbCeUdZhulxpNWvntNxO5QXTW5x1svlpIOuIfmeSfcbcp1WgWK2z4DlhzxYOM9Yf8AE02KBrSDZZxwkri3kAc1xFKUpOAdczISVUo3T6f8A3Q2xCVYYZTqbSmLDAunwqPhfBJ/kzvSh6tQehgxs4OW9JqmyOf4aa8FRZFW7ZempBGgOULXp1bDBRx7hzRneVgsUHKzM0liag1RzTwPccI01NHDDoiagV2g1dTdKj2HEAZNmAEuM1Uc2qPzHoCvSLTG2sYFyaaf8FiloHNbjiy4egaSBysLrwM1WNRQJ9wwIiwtXQVOgyYQBffi3B0aHJXvU0NzqsWqK2KlQQjicinmbhx0tzyiKLmYWXQFGfBp6NNFBemYRMOMMKFsdLjSngtiGw3vwGSfaCBoopzFE/ZjcsBWkzNAj5hxpKsuw4s6WZg8fpF4MEvMTEZYkYC66v8A8kv/2Q==', '6v6 conquête escoude', '2021-08-04', 'En cours', 'https://www.twitch.tv/ofcunderground', '10,11,12', 1),
(11, 'Tournoi ESB', 'iVBORw0KGgoAAAANSUhEUgAAAMcAAADICAYAAABcU/UTAAAD80lEQVR42u3csWoTcQDH8d+lFVIEFwcHNx/APoA2uPgCbi76Am76FiK4Ck6Ciw8giFtQEBy7uTnq4iBqFZtz8IpHzCUNxuSf5POBo9dcSeO/+eZ//ySmqoepQ5J8T3KjGuT5v1xJPczZJC+SXDGk661nCEAcII4VqwyBOBCIOJg7DHGIA8QB4gDEAeIAcZShMq7iAHGAOABxgDhAHMXw3ipxgDhAHIA4QBwgjnJ4tkociEMcIA7gj11DsBHqZqsmnOKxRnEcJnnT/DH/9x1m1NqOZ3z/I8m7NQ3jcZLXrTOBXmvtU1ogVev2nfZrleRSkltJzmxyHC+T3K0GHpkWGMerapAnG/2PHOYgyc1lxrGKNUe9BWFYy/kj0nHagDhAHCAOQBwgDotyxFFOGOIQB4gDxAGIA8QB4iiDZ6vEwYxAEAeIA8QBiAPEYTGOOMqIw7iKA8QB4gDEAeIAcZTD07nioCMMcYgDxAHiAMQB4gBxlMEbD8UB4gBxAOIAcYA4yuF9VeJgShzGVRwgDhAHIA4QB4ijHJ7OFQcdYYhDHCAOEAcgDhAHiKMM3ni4IXYNASfqYZKkX2jc/W2I43o9zKMCB/9rkofVIO+3uI9+kvtJ9gu8beeWHcgq4rjcbKX5lORpstVx9JowDsyjzo1BHCCO1fPeKnEwIxDEAeIAcQDiAHFYjCMOgSAOYSAOEAeIA8QB4gBxgDhAHIA4QBwgDhAHiAPEAeKAtbTsjwOtk3xMcjTlZ0bNz51sozn3px2b5nOzbbtvSb4U+kC+t8lxHCW5k+TtlHjqsTtz3bFNO1ZPub5Zt2+bHSW5l98f2lya/SQPssQPk17FzPFhyz/JvFjVIKMkhyXetnqYXnMWYM0BFuQgDhAHiAPEAeIAxAHiAHGAOEAcIA4QB4gDxAHiWIjT/o882MqZQxyIQxiIY744RoYdcYA4LMgRh3UH4jBzIA4zB5g5oPQ4QBwdvM6BOMwciMOaA3GYPRCHmQNxmDnAzAHigHU9rQJxdMwcXgREHCAOaw7EsbBAQBxmDsRh5kAcZg7EIQ7EAZQxc3gREHGAOKw5EMfCAgFxmDkQh1kDcYA4QBzA33ZX8Psu1sOpi/WTbXTKy8YvX/T6qB7bn3WsWtc7Q/N3qVrb+PfVhOPzqJoH5N7Yfq/jWPt3XFj22C47jgtJniX52XF8NLbVHftdly0qjvZ1Hk/YP+44Pkqyl+T8Gj9g3k5yrblv7Ez4Or4/bxw7zR1/Z2x/0mVt/Wbb7JnDhF2sKsnVJhBrDkMA4gBxgDhAHCAOEAeIA8QB4gBxgDgAcYA4QBwgDhAHiAPEAeIAcYA4QByAOEAcIA4QByzLL9XG4Vxtx5SkAAAAAElFTkSuQmCC', '6v6 conquête escoude', '2021-11-25', 'A venir', '', '11,12', 1);

-- --------------------------------------------------------

--
-- Structure de la table `user`
--

DROP TABLE IF EXISTS `user`;
CREATE TABLE IF NOT EXISTS `user` (
  `USER_ID` bigint(20) NOT NULL AUTO_INCREMENT,
  `USER_USERNAME` char(50) DEFAULT NULL,
  `USER_MAIL` char(200) DEFAULT NULL,
  `USER_PASSWORD` char(200) DEFAULT NULL,
  `USER_LOGO` char(200) DEFAULT NULL,
  `USER_HEADER` char(200) DEFAULT NULL,
  `USER_ORIGIN_ID` char(100) DEFAULT NULL,
  `USER_TWITTER` char(200) DEFAULT NULL,
  `USER_YOUTUBE` char(200) DEFAULT NULL,
  `USER_TWITCH` char(200) DEFAULT NULL,
  `STATUS_ID` bigint(20) DEFAULT NULL,
  `USER_TOKEN` varchar(50) DEFAULT NULL,
  `STATS` longtext,
  PRIMARY KEY (`USER_ID`),
  KEY `FK_user_STATUS_ID` (`STATUS_ID`)
) ENGINE=InnoDB AUTO_INCREMENT=10 DEFAULT CHARSET=utf8mb4;

--
-- Déchargement des données de la table `user`
--

INSERT INTO `user` (`USER_ID`, `USER_USERNAME`, `USER_MAIL`, `USER_PASSWORD`, `USER_LOGO`, `USER_HEADER`, `USER_ORIGIN_ID`, `USER_TWITTER`, `USER_YOUTUBE`, `USER_TWITCH`, `STATUS_ID`, `USER_TOKEN`, `STATS`) VALUES
(1, 'Hohnn88', 'jean-bateee@hotmail.fr', '$2y$10$0nSH9PXlLQ8gmICqf0/WUu3qa1BmPUYFcMmlw1tB5av683Dnzqeru', 'Hohnn88614b0017df140.png', NULL, 'Hohnn', 'https://twitter.com/HohenJ', 'https://www.youtube.com/channel/UCMZuXjc-W3Kb-e89_wR1xlw', '', 4, '2f418cc9e32a0d3bd8fa', '           1,137 Heures|<div class=\"numbers\" data-v-1936ba95><span title=\"Score/min\" class=\"name\" data-v-1936ba95>Score/min</span> <!----> <span class=\"value\" data-v-1936ba95>680.96</span> <!----> <div class=\"bottom\" data-v-1936ba95><span class=\"rank rank--leader\" data-v-1936ba95>Top 2.2%</span> <!----></div></div>|<div class=\"numbers\" data-v-1936ba95><span title=\"K/D\" class=\"name\" data-v-1936ba95>K/D</span> <!----> <span class=\"value\" data-v-1936ba95>4.76</span> <!----> <div class=\"bottom\" data-v-1936ba95><span class=\"rank rank--leader\" data-v-1936ba95>Top 2%</span> <!----></div></div>|<div class=\"numbers\" data-v-1936ba95><span title=\"Kills\" class=\"name\" data-v-1936ba95>Kills</span> <!----> <span class=\"value\" data-v-1936ba95>145,582</span> <!----> <div class=\"bottom\" data-v-1936ba95><span class=\"rank rank--leader\" data-v-1936ba95>Top 0.2%</span> <!----></div></div>|<div class=\"numbers\" data-v-1936ba95><span title=\"Kills/min\" class=\"name\" data-v-1936ba95>Kills/min</span> <!----> <span class=\"value\" data-v-1936ba95>2.13</span> <!----> <div class=\"bottom\" data-v-1936ba95><span class=\"rank rank--leader\" data-v-1936ba95>Top 2.3%</span> <!----></div></div>|<div class=\"numbers\" data-v-1936ba95><span title=\"Win %\" class=\"name\" data-v-1936ba95>Win %</span> <!----> <span class=\"value\" data-v-1936ba95>69.8%</span> <!----> <div class=\"bottom\" data-v-1936ba95><span class=\"rank\" data-v-1936ba95>Top 6%</span> <!----></div></div>|<div class=\"numbers\" data-v-1936ba95><span title=\"Wins\" class=\"name\" data-v-1936ba95>Wins</span> <!----> <span class=\"value\" data-v-1936ba95>2,973</span> <!----> <div class=\"bottom\" data-v-1936ba95><span class=\"rank rank--leader\" data-v-1936ba95>Top 0.5%</span> <!----></div></div>|<div class=\"numbers\" data-v-1936ba95><span title=\"Deaths\" class=\"name\" data-v-1936ba95>Deaths</span> <!----> <span class=\"value\" data-v-1936ba95>30,606</span> <!----> <div class=\"bottom\" data-v-1936ba95><span class=\"rank rank--leader\" data-v-1936ba95>Top 1.3%</span> <!----></div></div>|<div class=\"numbers\" data-v-1936ba95><span title=\"Assists\" class=\"name\" data-v-1936ba95>Assists</span> <!----> <span class=\"value\" data-v-1936ba95>30,967</span> <!----> <div class=\"bottom\" data-v-1936ba95><span class=\"rank rank--leader\" data-v-1936ba95>Top 0.2%</span> <!----></div></div>|<div class=\"numbers\" data-v-1936ba95><span title=\"Damage\" class=\"name\" data-v-1936ba95>Damage</span> <!----> <span class=\"value\" data-v-1936ba95>17,489,769</span> <!----> <div class=\"bottom\" data-v-1936ba95><span class=\"rank rank--leader\" data-v-1936ba95>Top 0.2%</span> <!----></div></div>|<div class=\"numbers\" data-v-1936ba95><span title=\"Heals\" class=\"name\" data-v-1936ba95>Heals</span> <!----> <span class=\"value\" data-v-1936ba95>169,234</span> <!----> <div class=\"bottom\" data-v-1936ba95><span class=\"rank rank--leader\" data-v-1936ba95>Top 1.3%</span> <!----></div></div>|<div class=\"numbers\" data-v-1936ba95><span title=\"Revives\" class=\"name\" data-v-1936ba95>Revives</span> <!----> <span class=\"value\" data-v-1936ba95>15,896</span> <!----> <div class=\"bottom\" data-v-1936ba95><span class=\"rank rank--leader\" data-v-1936ba95>Top 0.5%</span> <!----></div></div>|<div class=\"numbers\" data-v-1936ba95><span title=\"Resupplies\" class=\"name\" data-v-1936ba95>Resupplies</span> <!----> <span class=\"value\" data-v-1936ba95>28,546</span> <!----> <div class=\"bottom\" data-v-1936ba95><span class=\"rank rank--leader\" data-v-1936ba95>Top 1.5%</span> <!----></div></div>'),
(4, 'demo', 'demo@gmail.com', '$2y$10$UfgDP4cA3LUVotzChLk2ye5mD1MbHcgZaWhIDqtJXgsWcnnNzBiBG', 'default/default_1.png', NULL, 'Hohnn', '', '', '', 1, NULL, '           1,136 Heures|<div class=\"numbers\" data-v-1936ba95><span title=\"Score/min\" class=\"name\" data-v-1936ba95>Score/min</span> <!----> <span class=\"value\" data-v-1936ba95>680.86</span> <!----> <div class=\"bottom\" data-v-1936ba95><span class=\"rank rank--leader\" data-v-1936ba95>Top 2.2%</span> <!----></div></div>|<div class=\"numbers\" data-v-1936ba95><span title=\"K/D\" class=\"name\" data-v-1936ba95>K/D</span> <!----> <span class=\"value\" data-v-1936ba95>4.76</span> <!----> <div class=\"bottom\" data-v-1936ba95><span class=\"rank rank--leader\" data-v-1936ba95>Top 2%</span> <!----></div></div>|<div class=\"numbers\" data-v-1936ba95><span title=\"Kills\" class=\"name\" data-v-1936ba95>Kills</span> <!----> <span class=\"value\" data-v-1936ba95>145,351</span> <!----> <div class=\"bottom\" data-v-1936ba95><span class=\"rank rank--leader\" data-v-1936ba95>Top 0.2%</span> <!----></div></div>|<div class=\"numbers\" data-v-1936ba95><span title=\"Kills/min\" class=\"name\" data-v-1936ba95>Kills/min</span> <!----> <span class=\"value\" data-v-1936ba95>2.13</span> <!----> <div class=\"bottom\" data-v-1936ba95><span class=\"rank rank--leader\" data-v-1936ba95>Top 2.3%</span> <!----></div></div>|<div class=\"numbers\" data-v-1936ba95><span title=\"Win %\" class=\"name\" data-v-1936ba95>Win %</span> <!----> <span class=\"value\" data-v-1936ba95>69.8%</span> <!----> <div class=\"bottom\" data-v-1936ba95><span class=\"rank\" data-v-1936ba95>Top 6%</span> <!----></div></div>|<div class=\"numbers\" data-v-1936ba95><span title=\"Wins\" class=\"name\" data-v-1936ba95>Wins</span> <!----> <span class=\"value\" data-v-1936ba95>2,970</span> <!----> <div class=\"bottom\" data-v-1936ba95><span class=\"rank rank--leader\" data-v-1936ba95>Top 0.5%</span> <!----></div></div>|<div class=\"numbers\" data-v-1936ba95><span title=\"Deaths\" class=\"name\" data-v-1936ba95>Deaths</span> <!----> <span class=\"value\" data-v-1936ba95>30,558</span> <!----> <div class=\"bottom\" data-v-1936ba95><span class=\"rank rank--leader\" data-v-1936ba95>Top 1.3%</span> <!----></div></div>|<div class=\"numbers\" data-v-1936ba95><span title=\"Assists\" class=\"name\" data-v-1936ba95>Assists</span> <!----> <span class=\"value\" data-v-1936ba95>30,928</span> <!----> <div class=\"bottom\" data-v-1936ba95><span class=\"rank rank--leader\" data-v-1936ba95>Top 0.2%</span> <!----></div></div>|<div class=\"numbers\" data-v-1936ba95><span title=\"Damage\" class=\"name\" data-v-1936ba95>Damage</span> <!----> <span class=\"value\" data-v-1936ba95>17,463,738</span> <!----> <div class=\"bottom\" data-v-1936ba95><span class=\"rank rank--leader\" data-v-1936ba95>Top 0.2%</span> <!----></div></div>|<div class=\"numbers\" data-v-1936ba95><span title=\"Heals\" class=\"name\" data-v-1936ba95>Heals</span> <!----> <span class=\"value\" data-v-1936ba95>169,137</span> <!----> <div class=\"bottom\" data-v-1936ba95><span class=\"rank rank--leader\" data-v-1936ba95>Top 1.3%</span> <!----></div></div>|<div class=\"numbers\" data-v-1936ba95><span title=\"Revives\" class=\"name\" data-v-1936ba95>Revives</span> <!----> <span class=\"value\" data-v-1936ba95>15,882</span> <!----> <div class=\"bottom\" data-v-1936ba95><span class=\"rank rank--leader\" data-v-1936ba95>Top 0.5%</span> <!----></div></div>|<div class=\"numbers\" data-v-1936ba95><span title=\"Resupplies\" class=\"name\" data-v-1936ba95>Resupplies</span> <!----> <span class=\"value\" data-v-1936ba95>28,538</span> <!----> <div class=\"bottom\" data-v-1936ba95><span class=\"rank rank--leader\" data-v-1936ba95>Top 1.5%</span> <!----></div></div>');

--
-- Contraintes pour les tables déchargées
--

--
-- Contraintes pour la table `article`
--
ALTER TABLE `article`
  ADD CONSTRAINT `FK_article_USER_ID` FOREIGN KEY (`USER_ID`) REFERENCES `user` (`USER_ID`);

--
-- Contraintes pour la table `matches`
--
ALTER TABLE `matches`
  ADD CONSTRAINT `FK_matches_TEAM2_ID` FOREIGN KEY (`TEAM2_ID`) REFERENCES `teams` (`TEAM_ID`) ON DELETE CASCADE,
  ADD CONSTRAINT `FK_matches_TEAM_ID` FOREIGN KEY (`TEAM1_ID`) REFERENCES `teams` (`TEAM_ID`) ON DELETE CASCADE,
  ADD CONSTRAINT `FK_matches_USER_ID` FOREIGN KEY (`USER_ID`) REFERENCES `user` (`USER_ID`) ON DELETE SET NULL,
  ADD CONSTRAINT `FK_matches_tournament_tournament_id` FOREIGN KEY (`TOURNAMENT_ID`) REFERENCES `tournament` (`TOURNAMENT_ID`) ON DELETE CASCADE;

--
-- Contraintes pour la table `matches_score`
--
ALTER TABLE `matches_score`
  ADD CONSTRAINT `FK_matches_score_MAPS_ID` FOREIGN KEY (`MAPS_ID`) REFERENCES `maps` (`MAPS_ID`),
  ADD CONSTRAINT `FK_matches_score_matches_matches_id` FOREIGN KEY (`MATCH_ID`) REFERENCES `matches` (`MATCH_ID`) ON DELETE CASCADE;

--
-- Contraintes pour la table `player`
--
ALTER TABLE `player`
  ADD CONSTRAINT `player_ibfk_1` FOREIGN KEY (`TEAM_ID`) REFERENCES `teams` (`TEAM_ID`) ON DELETE CASCADE;

--
-- Contraintes pour la table `profil`
--
ALTER TABLE `profil`
  ADD CONSTRAINT `FK_profil_user_user_id` FOREIGN KEY (`user_user_id`) REFERENCES `user` (`USER_ID`);

--
-- Contraintes pour la table `proposal`
--
ALTER TABLE `proposal`
  ADD CONSTRAINT `FK_proposal_USER_ID` FOREIGN KEY (`USER_ID`) REFERENCES `user` (`USER_ID`);

--
-- Contraintes pour la table `teams`
--
ALTER TABLE `teams`
  ADD CONSTRAINT `FK_teams_USER_ID` FOREIGN KEY (`USER_ID`) REFERENCES `user` (`USER_ID`) ON DELETE SET NULL;

--
-- Contraintes pour la table `tournament`
--
ALTER TABLE `tournament`
  ADD CONSTRAINT `FK_tournament_USER_ID` FOREIGN KEY (`USER_ID`) REFERENCES `user` (`USER_ID`);

--
-- Contraintes pour la table `user`
--
ALTER TABLE `user`
  ADD CONSTRAINT `FK_user_STATUS_ID` FOREIGN KEY (`STATUS_ID`) REFERENCES `status` (`STATUS_ID`);
COMMIT;

/*!40101 SET CHARACTER_SET_CLIENT=@OLD_CHARACTER_SET_CLIENT */;
/*!40101 SET CHARACTER_SET_RESULTS=@OLD_CHARACTER_SET_RESULTS */;
/*!40101 SET COLLATION_CONNECTION=@OLD_COLLATION_CONNECTION */;
